id,firstname,lastname,email,email2,profession
100,Gretal,Ephrem,Gretal.Ephrem@yopmail.com,Gretal.Ephrem@gmail.com,firefighter
101,Xylina,Bakerman,Xylina.Bakerman@yopmail.com,Xylina.Bakerman@gmail.com,police officer
102,Jinny,Sammons,Jinny.Sammons@yopmail.com,Jinny.Sammons@gmail.com,worker
103,Frieda,Nedrud,Frieda.Nedrud@yopmail.com,Frieda.Nedrud@gmail.com,worker
104,Deedee,Ummersen,Deedee.Ummersen@yopmail.com,Deedee.Ummersen@gmail.com,worker
105,Roseline,Decato,Roseline.Decato@yopmail.com,Roseline.Decato@gmail.com,firefighter
106,Brianna,Fry,Brianna.Fry@yopmail.com,Brianna.Fry@gmail.com,developer
107,Rayna,Mehalek,Rayna.Mehalek@yopmail.com,Rayna.Mehalek@gmail.com,worker
108,Vita,Poll,Vita.Poll@yopmail.com,Vita.Poll@gmail.com,doctor
109,Emmey,Mehalek,Emmey.Mehalek@yopmail.com,Emmey.Mehalek@gmail.com,worker
110,Marnia,Edison,Marnia.Edison@yopmail.com,Marnia.Edison@gmail.com,firefighter
111,Joelly,Barney,Joelly.Barney@yopmail.com,Joelly.Barney@gmail.com,doctor
112,Mildrid,Fadiman,Mildrid.Fadiman@yopmail.com,Mildrid.Fadiman@gmail.com,developer
113,Gisela,Estella,Gisela.Estella@yopmail.com,Gisela.Estella@gmail.com,developer
114,Sonni,Bluh,Sonni.Bluh@yopmail.com,Sonni.Bluh@gmail.com,police officer
115,Peri,Seligman,Peri.Seligman@yopmail.com,Peri.Seligman@gmail.com,firefighter
116,Paule,Ethban,Paule.Ethban@yopmail.com,Paule.Ethban@gmail.com,firefighter
117,Kylynn,Daniele,Kylynn.Daniele@yopmail.com,Kylynn.Daniele@gmail.com,worker
118,Alex,Maryanne,Alex.Maryanne@yopmail.com,Alex.Maryanne@gmail.com,police officer
119,Gusty,Elsinore,Gusty.Elsinore@yopmail.com,Gusty.Elsinore@gmail.com,doctor
120,Louella,Anderea,Louella.Anderea@yopmail.com,Louella.Anderea@gmail.com,police officer
121,Lanae,Stanwood,Lanae.Stanwood@yopmail.com,Lanae.Stanwood@gmail.com,worker
122,Elbertina,Seumas,Elbertina.Seumas@yopmail.com,Elbertina.Seumas@gmail.com,firefighter
123,Nita,Chesna,Nita.Chesna@yopmail.com,Nita.Chesna@gmail.com,worker
124,Livvyy,Boycey,Livvyy.Boycey@yopmail.com,Livvyy.Boycey@gmail.com,police officer
125,Gerrie,Tayib,Gerrie.Tayib@yopmail.com,Gerrie.Tayib@gmail.com,doctor
126,Beth,Zaslow,Beth.Zaslow@yopmail.com,Beth.Zaslow@gmail.com,police officer
127,Anallese,Abernon,Anallese.Abernon@yopmail.com,Anallese.Abernon@gmail.com,worker
128,Dorice,Zaslow,Dorice.Zaslow@yopmail.com,Dorice.Zaslow@gmail.com,doctor
129,Feliza,Huggins,Feliza.Huggins@yopmail.com,Feliza.Huggins@gmail.com,developer
130,Kittie,Wandie,Kittie.Wandie@yopmail.com,Kittie.Wandie@gmail.com,worker
131,Lyssa,Clie,Lyssa.Clie@yopmail.com,Lyssa.Clie@gmail.com,worker
132,Catharine,Kiersten,Catharine.Kiersten@yopmail.com,Catharine.Kiersten@gmail.com,worker
133,Tatiania,Felizio,Tatiania.Felizio@yopmail.com,Tatiania.Felizio@gmail.com,police officer
134,Ingrid,Hourigan,Ingrid.Hourigan@yopmail.com,Ingrid.Hourigan@gmail.com,police officer
135,Robinia,Sherrie,Robinia.Sherrie@yopmail.com,Robinia.Sherrie@gmail.com,firefighter
136,Tatiania,Olympium,Tatiania.Olympium@yopmail.com,Tatiania.Olympium@gmail.com,police officer
137,Jerry,Trey,Jerry.Trey@yopmail.com,Jerry.Trey@gmail.com,police officer
138,Ellette,LaRue,Ellette.LaRue@yopmail.com,Ellette.LaRue@gmail.com,developer
139,Lily,Brady,Lily.Brady@yopmail.com,Lily.Brady@gmail.com,police officer
140,Donetta,Dahlia,Donetta.Dahlia@yopmail.com,Donetta.Dahlia@gmail.com,doctor
141,Dorene,Regan,Dorene.Regan@yopmail.com,Dorene.Regan@gmail.com,developer
142,Lorenza,Constancy,Lorenza.Constancy@yopmail.com,Lorenza.Constancy@gmail.com,worker
143,Alyssa,Neva,Alyssa.Neva@yopmail.com,Alyssa.Neva@gmail.com,worker
144,Sean,Morehouse,Sean.Morehouse@yopmail.com,Sean.Morehouse@gmail.com,police officer
145,Kerrin,Fiann,Kerrin.Fiann@yopmail.com,Kerrin.Fiann@gmail.com,doctor
146,Hettie,Jobi,Hettie.Jobi@yopmail.com,Hettie.Jobi@gmail.com,worker
147,Lesly,Hartnett,Lesly.Hartnett@yopmail.com,Lesly.Hartnett@gmail.com,firefighter
148,Jenilee,Faust,Jenilee.Faust@yopmail.com,Jenilee.Faust@gmail.com,firefighter
149,Ann-Marie,Bouchard,Ann-Marie.Bouchard@yopmail.com,Ann-Marie.Bouchard@gmail.com,worker
150,Alexine,Jacqui,Alexine.Jacqui@yopmail.com,Alexine.Jacqui@gmail.com,developer
151,Zia,Ingra,Zia.Ingra@yopmail.com,Zia.Ingra@gmail.com,doctor
152,Coral,Zeeba,Coral.Zeeba@yopmail.com,Coral.Zeeba@gmail.com,developer
153,Dorice,Ball,Dorice.Ball@yopmail.com,Dorice.Ball@gmail.com,firefighter
154,Angelique,Kelula,Angelique.Kelula@yopmail.com,Angelique.Kelula@gmail.com,police officer
155,Cyb,Martguerita,Cyb.Martguerita@yopmail.com,Cyb.Martguerita@gmail.com,police officer
156,Magdalena,Shirberg,Magdalena.Shirberg@yopmail.com,Magdalena.Shirberg@gmail.com,police officer
157,Elvira,Dreda,Elvira.Dreda@yopmail.com,Elvira.Dreda@gmail.com,firefighter
158,Rosanne,Tound,Rosanne.Tound@yopmail.com,Rosanne.Tound@gmail.com,firefighter
159,Drucie,Koehler,Drucie.Koehler@yopmail.com,Drucie.Koehler@gmail.com,worker
160,Dulcinea,Elvyn,Dulcinea.Elvyn@yopmail.com,Dulcinea.Elvyn@gmail.com,doctor
161,Kayla,Jethro,Kayla.Jethro@yopmail.com,Kayla.Jethro@gmail.com,developer
162,Linet,Love,Linet.Love@yopmail.com,Linet.Love@gmail.com,police officer
163,Marita,Maxi,Marita.Maxi@yopmail.com,Marita.Maxi@gmail.com,police officer
164,Emilia,Ackerley,Emilia.Ackerley@yopmail.com,Emilia.Ackerley@gmail.com,developer
165,Kathi,Lipson,Kathi.Lipson@yopmail.com,Kathi.Lipson@gmail.com,worker
166,Gabriellia,Edison,Gabriellia.Edison@yopmail.com,Gabriellia.Edison@gmail.com,police officer
167,Selia,Cristi,Selia.Cristi@yopmail.com,Selia.Cristi@gmail.com,worker
168,Karolina,Aurelio,Karolina.Aurelio@yopmail.com,Karolina.Aurelio@gmail.com,doctor
169,Sonni,Reinke,Sonni.Reinke@yopmail.com,Sonni.Reinke@gmail.com,worker
170,Florencia,Chaing,Florencia.Chaing@yopmail.com,Florencia.Chaing@gmail.com,firefighter
171,Atlanta,An,Atlanta.An@yopmail.com,Atlanta.An@gmail.com,doctor
172,Jobi,Kannry,Jobi.Kannry@yopmail.com,Jobi.Kannry@gmail.com,police officer
173,Lindie,Nisbet,Lindie.Nisbet@yopmail.com,Lindie.Nisbet@gmail.com,police officer
174,Anestassia,Paton,Anestassia.Paton@yopmail.com,Anestassia.Paton@gmail.com,developer
175,Cacilie,Fadiman,Cacilie.Fadiman@yopmail.com,Cacilie.Fadiman@gmail.com,worker
176,Nickie,Callista,Nickie.Callista@yopmail.com,Nickie.Callista@gmail.com,doctor
177,Emma,Merriott,Emma.Merriott@yopmail.com,Emma.Merriott@gmail.com,doctor
178,Liana,O'Carroll,Liana.O'Carroll@yopmail.com,Liana.O'Carroll@gmail.com,police officer
179,Agnese,Papageno,Agnese.Papageno@yopmail.com,Agnese.Papageno@gmail.com,developer
180,Kathy,Docilla,Kathy.Docilla@yopmail.com,Kathy.Docilla@gmail.com,police officer
181,Collen,Gaulin,Collen.Gaulin@yopmail.com,Collen.Gaulin@gmail.com,doctor
182,Marnia,Darian,Marnia.Darian@yopmail.com,Marnia.Darian@gmail.com,worker
183,Libbie,Behre,Libbie.Behre@yopmail.com,Libbie.Behre@gmail.com,police officer
184,Bettine,Amasa,Bettine.Amasa@yopmail.com,Bettine.Amasa@gmail.com,police officer
185,Glynnis,Lalitta,Glynnis.Lalitta@yopmail.com,Glynnis.Lalitta@gmail.com,developer
186,Ana,Stilwell,Ana.Stilwell@yopmail.com,Ana.Stilwell@gmail.com,developer
187,Cherilyn,Tiffa,Cherilyn.Tiffa@yopmail.com,Cherilyn.Tiffa@gmail.com,developer
188,Dotty,Angelis,Dotty.Angelis@yopmail.com,Dotty.Angelis@gmail.com,doctor
189,Dacia,Honoria,Dacia.Honoria@yopmail.com,Dacia.Honoria@gmail.com,police officer
190,Lanna,Etom,Lanna.Etom@yopmail.com,Lanna.Etom@gmail.com,police officer
191,Jillayne,Erlandson,Jillayne.Erlandson@yopmail.com,Jillayne.Erlandson@gmail.com,firefighter
192,Cyndie,Socha,Cyndie.Socha@yopmail.com,Cyndie.Socha@gmail.com,firefighter
193,Nita,Oriana,Nita.Oriana@yopmail.com,Nita.Oriana@gmail.com,worker
194,Gisela,Dex,Gisela.Dex@yopmail.com,Gisela.Dex@gmail.com,police officer
195,Clo,Corabella,Clo.Corabella@yopmail.com,Clo.Corabella@gmail.com,police officer
196,Rosene,Mathilde,Rosene.Mathilde@yopmail.com,Rosene.Mathilde@gmail.com,doctor
197,Tarra,Lanita,Tarra.Lanita@yopmail.com,Tarra.Lanita@gmail.com,police officer
198,Sabina,Ulphia,Sabina.Ulphia@yopmail.com,Sabina.Ulphia@gmail.com,firefighter
199,Atlanta,Khorma,Atlanta.Khorma@yopmail.com,Atlanta.Khorma@gmail.com,police officer
200,Norine,Demitria,Norine.Demitria@yopmail.com,Norine.Demitria@gmail.com,firefighter
201,Joelly,Sprage,Joelly.Sprage@yopmail.com,Joelly.Sprage@gmail.com,police officer
202,Dulce,Soneson,Dulce.Soneson@yopmail.com,Dulce.Soneson@gmail.com,police officer
203,Jaime,Nadia,Jaime.Nadia@yopmail.com,Jaime.Nadia@gmail.com,doctor
204,Carilyn,Earlie,Carilyn.Earlie@yopmail.com,Carilyn.Earlie@gmail.com,developer
205,Betta,Uird,Betta.Uird@yopmail.com,Betta.Uird@gmail.com,police officer
206,Tybie,Waldron,Tybie.Waldron@yopmail.com,Tybie.Waldron@gmail.com,developer
207,Dianemarie,Damarra,Dianemarie.Damarra@yopmail.com,Dianemarie.Damarra@gmail.com,doctor
208,Rosanne,Forrer,Rosanne.Forrer@yopmail.com,Rosanne.Forrer@gmail.com,police officer
209,Dione,Hedve,Dione.Hedve@yopmail.com,Dione.Hedve@gmail.com,worker
210,Winny,Allys,Winny.Allys@yopmail.com,Winny.Allys@gmail.com,doctor
211,Moyna,Barrus,Moyna.Barrus@yopmail.com,Moyna.Barrus@gmail.com,worker
212,Tami,Erskine,Tami.Erskine@yopmail.com,Tami.Erskine@gmail.com,doctor
213,Elmira,Solitta,Elmira.Solitta@yopmail.com,Elmira.Solitta@gmail.com,worker
214,Jere,Bryna,Jere.Bryna@yopmail.com,Jere.Bryna@gmail.com,worker
215,Codie,Seessel,Codie.Seessel@yopmail.com,Codie.Seessel@gmail.com,doctor
216,Sissy,Bultman,Sissy.Bultman@yopmail.com,Sissy.Bultman@gmail.com,firefighter
217,Molli,Roscoe,Molli.Roscoe@yopmail.com,Molli.Roscoe@gmail.com,developer
218,Mahalia,Brieta,Mahalia.Brieta@yopmail.com,Mahalia.Brieta@gmail.com,worker
219,June,Charmine,June.Charmine@yopmail.com,June.Charmine@gmail.com,police officer
220,Ericka,Fennessy,Ericka.Fennessy@yopmail.com,Ericka.Fennessy@gmail.com,police officer
221,Melanie,Rustice,Melanie.Rustice@yopmail.com,Melanie.Rustice@gmail.com,worker
222,Ada,Faso,Ada.Faso@yopmail.com,Ada.Faso@gmail.com,firefighter
223,Elie,Earlie,Elie.Earlie@yopmail.com,Elie.Earlie@gmail.com,worker
224,Pierette,Lipson,Pierette.Lipson@yopmail.com,Pierette.Lipson@gmail.com,firefighter
225,Jerry,Mich,Jerry.Mich@yopmail.com,Jerry.Mich@gmail.com,police officer
226,Maisey,Azeria,Maisey.Azeria@yopmail.com,Maisey.Azeria@gmail.com,developer
227,Joy,Latini,Joy.Latini@yopmail.com,Joy.Latini@gmail.com,police officer
228,Hallie,Buffum,Hallie.Buffum@yopmail.com,Hallie.Buffum@gmail.com,firefighter
229,Hildegaard,Damarra,Hildegaard.Damarra@yopmail.com,Hildegaard.Damarra@gmail.com,doctor
230,Jordan,Tamsky,Jordan.Tamsky@yopmail.com,Jordan.Tamsky@gmail.com,firefighter
231,Gabriellia,Elbertina,Gabriellia.Elbertina@yopmail.com,Gabriellia.Elbertina@gmail.com,developer
232,Dennie,Taam,Dennie.Taam@yopmail.com,Dennie.Taam@gmail.com,police officer
233,Nickie,Nadia,Nickie.Nadia@yopmail.com,Nickie.Nadia@gmail.com,firefighter
234,Karena,Jacinda,Karena.Jacinda@yopmail.com,Karena.Jacinda@gmail.com,doctor
235,Carmencita,Sekofski,Carmencita.Sekofski@yopmail.com,Carmencita.Sekofski@gmail.com,developer
236,Rayna,Silvan,Rayna.Silvan@yopmail.com,Rayna.Silvan@gmail.com,developer
237,Binny,Sheedy,Binny.Sheedy@yopmail.com,Binny.Sheedy@gmail.com,worker
238,Yolane,Hoenack,Yolane.Hoenack@yopmail.com,Yolane.Hoenack@gmail.com,firefighter
239,Doralynne,Blase,Doralynne.Blase@yopmail.com,Doralynne.Blase@gmail.com,doctor
240,Eugine,Mullane,Eugine.Mullane@yopmail.com,Eugine.Mullane@gmail.com,police officer
241,Margarette,Berne,Margarette.Berne@yopmail.com,Margarette.Berne@gmail.com,worker
242,Sybille,Ethban,Sybille.Ethban@yopmail.com,Sybille.Ethban@gmail.com,firefighter
243,Valeda,Odell,Valeda.Odell@yopmail.com,Valeda.Odell@gmail.com,police officer
244,Arlena,Halsey,Arlena.Halsey@yopmail.com,Arlena.Halsey@gmail.com,worker
245,Maisey,Colp,Maisey.Colp@yopmail.com,Maisey.Colp@gmail.com,police officer
246,Darlleen,Vary,Darlleen.Vary@yopmail.com,Darlleen.Vary@gmail.com,worker
247,Renie,Michella,Renie.Michella@yopmail.com,Renie.Michella@gmail.com,worker
248,Gaylene,Freddi,Gaylene.Freddi@yopmail.com,Gaylene.Freddi@gmail.com,police officer
249,Karina,Parsaye,Karina.Parsaye@yopmail.com,Karina.Parsaye@gmail.com,developer
250,Gerianna,Melony,Gerianna.Melony@yopmail.com,Gerianna.Melony@gmail.com,firefighter
251,Chrystel,Salvidor,Chrystel.Salvidor@yopmail.com,Chrystel.Salvidor@gmail.com,doctor
252,Melisent,Arathorn,Melisent.Arathorn@yopmail.com,Melisent.Arathorn@gmail.com,worker
253,Aubrie,Delacourt,Aubrie.Delacourt@yopmail.com,Aubrie.Delacourt@gmail.com,worker
254,Dennie,Hamil,Dennie.Hamil@yopmail.com,Dennie.Hamil@gmail.com,developer
255,Ann-Marie,Palocz,Ann-Marie.Palocz@yopmail.com,Ann-Marie.Palocz@gmail.com,police officer
256,Adele,Seagraves,Adele.Seagraves@yopmail.com,Adele.Seagraves@gmail.com,doctor
257,Merci,Germann,Merci.Germann@yopmail.com,Merci.Germann@gmail.com,doctor
258,Sean,Bluh,Sean.Bluh@yopmail.com,Sean.Bluh@gmail.com,doctor
259,Andree,Havens,Andree.Havens@yopmail.com,Andree.Havens@gmail.com,police officer
260,Mathilda,Gladstone,Mathilda.Gladstone@yopmail.com,Mathilda.Gladstone@gmail.com,worker
261,Dorice,Llovera,Dorice.Llovera@yopmail.com,Dorice.Llovera@gmail.com,worker
262,Dulcinea,Angelis,Dulcinea.Angelis@yopmail.com,Dulcinea.Angelis@gmail.com,doctor
263,Annaliese,Eben,Annaliese.Eben@yopmail.com,Annaliese.Eben@gmail.com,worker
264,Antonietta,Kosey,Antonietta.Kosey@yopmail.com,Antonietta.Kosey@gmail.com,doctor
265,Marti,Karylin,Marti.Karylin@yopmail.com,Marti.Karylin@gmail.com,doctor
266,Brynna,Cloris,Brynna.Cloris@yopmail.com,Brynna.Cloris@gmail.com,doctor
267,Jasmina,McLaughlin,Jasmina.McLaughlin@yopmail.com,Jasmina.McLaughlin@gmail.com,worker
268,Xylina,Anyah,Xylina.Anyah@yopmail.com,Xylina.Anyah@gmail.com,firefighter
269,Ulrike,Morgun,Ulrike.Morgun@yopmail.com,Ulrike.Morgun@gmail.com,developer
270,Lucy,Edee,Lucy.Edee@yopmail.com,Lucy.Edee@gmail.com,police officer
271,Steffane,Joseph,Steffane.Joseph@yopmail.com,Steffane.Joseph@gmail.com,worker
272,Bettine,Bach,Bettine.Bach@yopmail.com,Bettine.Bach@gmail.com,worker
273,Gusty,Chem,Gusty.Chem@yopmail.com,Gusty.Chem@gmail.com,doctor
274,Molli,Tice,Molli.Tice@yopmail.com,Molli.Tice@gmail.com,doctor
275,Kellen,Cassius,Kellen.Cassius@yopmail.com,Kellen.Cassius@gmail.com,firefighter
276,Leona,Cherianne,Leona.Cherianne@yopmail.com,Leona.Cherianne@gmail.com,firefighter
277,Estell,Gordon,Estell.Gordon@yopmail.com,Estell.Gordon@gmail.com,doctor
278,Coral,Heisel,Coral.Heisel@yopmail.com,Coral.Heisel@gmail.com,developer
279,Clo,Bonilla,Clo.Bonilla@yopmail.com,Clo.Bonilla@gmail.com,firefighter
280,Etta,Love,Etta.Love@yopmail.com,Etta.Love@gmail.com,police officer
281,Roberta,Raama,Roberta.Raama@yopmail.com,Roberta.Raama@gmail.com,firefighter
282,Melodie,Forrer,Melodie.Forrer@yopmail.com,Melodie.Forrer@gmail.com,worker
283,Justinn,Kenney,Justinn.Kenney@yopmail.com,Justinn.Kenney@gmail.com,worker
284,Binny,Shaver,Binny.Shaver@yopmail.com,Binny.Shaver@gmail.com,firefighter
285,Tersina,Si,Tersina.Si@yopmail.com,Tersina.Si@gmail.com,worker
286,Glynnis,Germann,Glynnis.Germann@yopmail.com,Glynnis.Germann@gmail.com,firefighter
287,Madalyn,Sophronia,Madalyn.Sophronia@yopmail.com,Madalyn.Sophronia@gmail.com,doctor
288,Pamella,Cath,Pamella.Cath@yopmail.com,Pamella.Cath@gmail.com,worker
289,Gale,Trace,Gale.Trace@yopmail.com,Gale.Trace@gmail.com,police officer
290,Bernardine,Jena,Bernardine.Jena@yopmail.com,Bernardine.Jena@gmail.com,firefighter
291,Rani,Kazimir,Rani.Kazimir@yopmail.com,Rani.Kazimir@gmail.com,firefighter
292,Lindie,Wooster,Lindie.Wooster@yopmail.com,Lindie.Wooster@gmail.com,worker
293,Elora,Koehler,Elora.Koehler@yopmail.com,Elora.Koehler@gmail.com,worker
294,Alleen,Vivle,Alleen.Vivle@yopmail.com,Alleen.Vivle@gmail.com,developer
295,Selia,Clie,Selia.Clie@yopmail.com,Selia.Clie@gmail.com,doctor
296,Imojean,Lacombe,Imojean.Lacombe@yopmail.com,Imojean.Lacombe@gmail.com,worker
297,Camile,Magnolia,Camile.Magnolia@yopmail.com,Camile.Magnolia@gmail.com,worker
298,Lila,Ioab,Lila.Ioab@yopmail.com,Lila.Ioab@gmail.com,doctor
299,Kerrin,Willie,Kerrin.Willie@yopmail.com,Kerrin.Willie@gmail.com,police officer
300,Gusella,Kathie,Gusella.Kathie@yopmail.com,Gusella.Kathie@gmail.com,worker
301,Leeanne,Wesle,Leeanne.Wesle@yopmail.com,Leeanne.Wesle@gmail.com,worker
302,Tybie,Corilla,Tybie.Corilla@yopmail.com,Tybie.Corilla@gmail.com,worker
303,Mignon,Lymann,Mignon.Lymann@yopmail.com,Mignon.Lymann@gmail.com,police officer
304,Adore,Leary,Adore.Leary@yopmail.com,Adore.Leary@gmail.com,doctor
305,Hettie,Kelula,Hettie.Kelula@yopmail.com,Hettie.Kelula@gmail.com,worker
306,Luci,Monaco,Luci.Monaco@yopmail.com,Luci.Monaco@gmail.com,doctor
307,Sherrie,Dominy,Sherrie.Dominy@yopmail.com,Sherrie.Dominy@gmail.com,doctor
308,Phylis,Pearse,Phylis.Pearse@yopmail.com,Phylis.Pearse@gmail.com,doctor
309,Ayn,McGrody,Ayn.McGrody@yopmail.com,Ayn.McGrody@gmail.com,developer
310,Jemie,Mendez,Jemie.Mendez@yopmail.com,Jemie.Mendez@gmail.com,doctor
311,Correy,Eiser,Correy.Eiser@yopmail.com,Correy.Eiser@gmail.com,worker
312,Sharlene,Emanuel,Sharlene.Emanuel@yopmail.com,Sharlene.Emanuel@gmail.com,doctor
313,Dede,Penelopa,Dede.Penelopa@yopmail.com,Dede.Penelopa@gmail.com,worker
314,Coral,Montgomery,Coral.Montgomery@yopmail.com,Coral.Montgomery@gmail.com,developer
315,Elsie,Brackely,Elsie.Brackely@yopmail.com,Elsie.Brackely@gmail.com,worker
316,Julieta,Merat,Julieta.Merat@yopmail.com,Julieta.Merat@gmail.com,worker
317,Netty,Goddard,Netty.Goddard@yopmail.com,Netty.Goddard@gmail.com,developer
318,Charissa,Pelagias,Charissa.Pelagias@yopmail.com,Charissa.Pelagias@gmail.com,doctor
319,Lelah,Libna,Lelah.Libna@yopmail.com,Lelah.Libna@gmail.com,police officer
320,Averyl,Georgy,Averyl.Georgy@yopmail.com,Averyl.Georgy@gmail.com,developer
321,Isa,Horan,Isa.Horan@yopmail.com,Isa.Horan@gmail.com,worker
322,Angela,Hazlett,Angela.Hazlett@yopmail.com,Angela.Hazlett@gmail.com,police officer
323,Jaime,Lay,Jaime.Lay@yopmail.com,Jaime.Lay@gmail.com,firefighter
324,Alameda,Eugenia,Alameda.Eugenia@yopmail.com,Alameda.Eugenia@gmail.com,police officer
325,Diena,Redmond,Diena.Redmond@yopmail.com,Diena.Redmond@gmail.com,firefighter
326,Dawn,Cleo,Dawn.Cleo@yopmail.com,Dawn.Cleo@gmail.com,firefighter
327,Farrah,Pandolfi,Farrah.Pandolfi@yopmail.com,Farrah.Pandolfi@gmail.com,developer
328,Babita,Magdalen,Babita.Magdalen@yopmail.com,Babita.Magdalen@gmail.com,doctor
329,Maud,Guthrie,Maud.Guthrie@yopmail.com,Maud.Guthrie@gmail.com,firefighter
330,Genevra,Rodmann,Genevra.Rodmann@yopmail.com,Genevra.Rodmann@gmail.com,firefighter
331,Barbara,Bord,Barbara.Bord@yopmail.com,Barbara.Bord@gmail.com,firefighter
332,Feliza,Bach,Feliza.Bach@yopmail.com,Feliza.Bach@gmail.com,doctor
333,Margarette,Magdalen,Margarette.Magdalen@yopmail.com,Margarette.Magdalen@gmail.com,doctor
334,Dotty,Himelman,Dotty.Himelman@yopmail.com,Dotty.Himelman@gmail.com,developer
335,Rosaline,Buckler,Rosaline.Buckler@yopmail.com,Rosaline.Buckler@gmail.com,worker
336,Beverley,Rubie,Beverley.Rubie@yopmail.com,Beverley.Rubie@gmail.com,worker
337,Penelopa,Duwalt,Penelopa.Duwalt@yopmail.com,Penelopa.Duwalt@gmail.com,worker
338,Frieda,Lynn,Frieda.Lynn@yopmail.com,Frieda.Lynn@gmail.com,worker
339,Tina,Poppy,Tina.Poppy@yopmail.com,Tina.Poppy@gmail.com,developer
340,Nadine,Magdalen,Nadine.Magdalen@yopmail.com,Nadine.Magdalen@gmail.com,police officer
341,Joleen,Garbe,Joleen.Garbe@yopmail.com,Joleen.Garbe@gmail.com,firefighter
342,Tarra,Eckblad,Tarra.Eckblad@yopmail.com,Tarra.Eckblad@gmail.com,developer
343,Selma,Rad,Selma.Rad@yopmail.com,Selma.Rad@gmail.com,developer
344,Lexine,Barney,Lexine.Barney@yopmail.com,Lexine.Barney@gmail.com,developer
345,Fina,Raul,Fina.Raul@yopmail.com,Fina.Raul@gmail.com,doctor
346,Trudie,Meli,Trudie.Meli@yopmail.com,Trudie.Meli@gmail.com,firefighter
347,Lorie,Xerxes,Lorie.Xerxes@yopmail.com,Lorie.Xerxes@gmail.com,firefighter
348,Trudie,Monk,Trudie.Monk@yopmail.com,Trudie.Monk@gmail.com,doctor
349,Alex,Bouchard,Alex.Bouchard@yopmail.com,Alex.Bouchard@gmail.com,police officer
350,Tressa,Voletta,Tressa.Voletta@yopmail.com,Tressa.Voletta@gmail.com,worker
351,Aubrie,Sikorski,Aubrie.Sikorski@yopmail.com,Aubrie.Sikorski@gmail.com,police officer
352,Millie,Natica,Millie.Natica@yopmail.com,Millie.Natica@gmail.com,developer
353,Jinny,Susannah,Jinny.Susannah@yopmail.com,Jinny.Susannah@gmail.com,doctor
354,Loree,Calhoun,Loree.Calhoun@yopmail.com,Loree.Calhoun@gmail.com,firefighter
355,Feliza,Kat,Feliza.Kat@yopmail.com,Feliza.Kat@gmail.com,developer
356,Deirdre,Longfellow,Deirdre.Longfellow@yopmail.com,Deirdre.Longfellow@gmail.com,police officer
357,Brana,Clywd,Brana.Clywd@yopmail.com,Brana.Clywd@gmail.com,firefighter
358,Hallie,Zachary,Hallie.Zachary@yopmail.com,Hallie.Zachary@gmail.com,worker
359,Dulcinea,Toor,Dulcinea.Toor@yopmail.com,Dulcinea.Toor@gmail.com,police officer
360,Marline,Haldas,Marline.Haldas@yopmail.com,Marline.Haldas@gmail.com,doctor
361,Emmey,Ephrem,Emmey.Ephrem@yopmail.com,Emmey.Ephrem@gmail.com,police officer
362,Mamie,Standing,Mamie.Standing@yopmail.com,Mamie.Standing@gmail.com,police officer
363,Brianna,Blase,Brianna.Blase@yopmail.com,Brianna.Blase@gmail.com,worker
364,Sheree,Wittie,Sheree.Wittie@yopmail.com,Sheree.Wittie@gmail.com,doctor
365,Doro,Wind,Doro.Wind@yopmail.com,Doro.Wind@gmail.com,worker
366,Mellicent,Schenck,Mellicent.Schenck@yopmail.com,Mellicent.Schenck@gmail.com,developer
367,Karolina,Reneta,Karolina.Reneta@yopmail.com,Karolina.Reneta@gmail.com,police officer
368,Jeanna,Naashom,Jeanna.Naashom@yopmail.com,Jeanna.Naashom@gmail.com,developer
369,Hannis,Vary,Hannis.Vary@yopmail.com,Hannis.Vary@gmail.com,police officer
370,Verla,Kirbee,Verla.Kirbee@yopmail.com,Verla.Kirbee@gmail.com,firefighter
371,Kore,Stoller,Kore.Stoller@yopmail.com,Kore.Stoller@gmail.com,firefighter
372,Goldie,Merna,Goldie.Merna@yopmail.com,Goldie.Merna@gmail.com,developer
373,Sybille,Deny,Sybille.Deny@yopmail.com,Sybille.Deny@gmail.com,police officer
374,Kate,Juan,Kate.Juan@yopmail.com,Kate.Juan@gmail.com,firefighter
375,Agathe,Ciro,Agathe.Ciro@yopmail.com,Agathe.Ciro@gmail.com,doctor
376,Leia,Revkah,Leia.Revkah@yopmail.com,Leia.Revkah@gmail.com,police officer
377,Damaris,Minetta,Damaris.Minetta@yopmail.com,Damaris.Minetta@gmail.com,firefighter
378,Elvira,Raimondo,Elvira.Raimondo@yopmail.com,Elvira.Raimondo@gmail.com,doctor
379,Marinna,Mandler,Marinna.Mandler@yopmail.com,Marinna.Mandler@gmail.com,firefighter
380,Therine,Chabot,Therine.Chabot@yopmail.com,Therine.Chabot@gmail.com,firefighter
381,Harmonia,Vharat,Harmonia.Vharat@yopmail.com,Harmonia.Vharat@gmail.com,developer
382,Pearline,Margret,Pearline.Margret@yopmail.com,Pearline.Margret@gmail.com,firefighter
383,Gianina,Maurine,Gianina.Maurine@yopmail.com,Gianina.Maurine@gmail.com,doctor
384,Hope,Westphal,Hope.Westphal@yopmail.com,Hope.Westphal@gmail.com,police officer
385,Ulrike,Gherardo,Ulrike.Gherardo@yopmail.com,Ulrike.Gherardo@gmail.com,worker
386,Helsa,Selway,Helsa.Selway@yopmail.com,Helsa.Selway@gmail.com,police officer
387,Farrah,Arley,Farrah.Arley@yopmail.com,Farrah.Arley@gmail.com,firefighter
388,Netty,Duwalt,Netty.Duwalt@yopmail.com,Netty.Duwalt@gmail.com,police officer
389,Doro,Gillan,Doro.Gillan@yopmail.com,Doro.Gillan@gmail.com,developer
390,Annice,Allare,Annice.Allare@yopmail.com,Annice.Allare@gmail.com,doctor
391,Eadie,Ruvolo,Eadie.Ruvolo@yopmail.com,Eadie.Ruvolo@gmail.com,doctor
392,Marsiella,Ferrell,Marsiella.Ferrell@yopmail.com,Marsiella.Ferrell@gmail.com,police officer
393,Anallese,Boehike,Anallese.Boehike@yopmail.com,Anallese.Boehike@gmail.com,developer
394,Alyda,Linskey,Alyda.Linskey@yopmail.com,Alyda.Linskey@gmail.com,developer
395,Lizzie,Westphal,Lizzie.Westphal@yopmail.com,Lizzie.Westphal@gmail.com,police officer
396,Bertine,Shields,Bertine.Shields@yopmail.com,Bertine.Shields@gmail.com,firefighter
397,Rosene,Linehan,Rosene.Linehan@yopmail.com,Rosene.Linehan@gmail.com,police officer
398,Tiffie,Anselmi,Tiffie.Anselmi@yopmail.com,Tiffie.Anselmi@gmail.com,worker
399,Riannon,Rocray,Riannon.Rocray@yopmail.com,Riannon.Rocray@gmail.com,doctor
400,Iseabal,Kronfeld,Iseabal.Kronfeld@yopmail.com,Iseabal.Kronfeld@gmail.com,doctor
401,Sashenka,Stoller,Sashenka.Stoller@yopmail.com,Sashenka.Stoller@gmail.com,firefighter
402,Briney,Eben,Briney.Eben@yopmail.com,Briney.Eben@gmail.com,developer
403,Esmeralda,Zenas,Esmeralda.Zenas@yopmail.com,Esmeralda.Zenas@gmail.com,firefighter
404,Roxane,Redmond,Roxane.Redmond@yopmail.com,Roxane.Redmond@gmail.com,worker
405,Olivette,Robertson,Olivette.Robertson@yopmail.com,Olivette.Robertson@gmail.com,worker
406,Ginnie,Sidonius,Ginnie.Sidonius@yopmail.com,Ginnie.Sidonius@gmail.com,firefighter
407,Charissa,Parsaye,Charissa.Parsaye@yopmail.com,Charissa.Parsaye@gmail.com,doctor
408,Larine,Agle,Larine.Agle@yopmail.com,Larine.Agle@gmail.com,worker
409,Meg,Marden,Meg.Marden@yopmail.com,Meg.Marden@gmail.com,doctor
410,Sharlene,Daveta,Sharlene.Daveta@yopmail.com,Sharlene.Daveta@gmail.com,doctor
411,Shaylyn,Marcellus,Shaylyn.Marcellus@yopmail.com,Shaylyn.Marcellus@gmail.com,firefighter
412,Hollie,Delila,Hollie.Delila@yopmail.com,Hollie.Delila@gmail.com,police officer
413,Regina,Cordi,Regina.Cordi@yopmail.com,Regina.Cordi@gmail.com,developer
414,Dari,Means,Dari.Means@yopmail.com,Dari.Means@gmail.com,worker
415,Fina,Wolfgram,Fina.Wolfgram@yopmail.com,Fina.Wolfgram@gmail.com,firefighter
416,Nikki,Wittie,Nikki.Wittie@yopmail.com,Nikki.Wittie@gmail.com,doctor
417,Gwyneth,Sabella,Gwyneth.Sabella@yopmail.com,Gwyneth.Sabella@gmail.com,firefighter
418,Sashenka,Persse,Sashenka.Persse@yopmail.com,Sashenka.Persse@gmail.com,worker
419,Nataline,Urania,Nataline.Urania@yopmail.com,Nataline.Urania@gmail.com,doctor
420,Claudina,Leler,Claudina.Leler@yopmail.com,Claudina.Leler@gmail.com,doctor
421,Vevay,Cutlerr,Vevay.Cutlerr@yopmail.com,Vevay.Cutlerr@gmail.com,developer
422,Max,Eben,Max.Eben@yopmail.com,Max.Eben@gmail.com,firefighter
423,Bobinette,Maroney,Bobinette.Maroney@yopmail.com,Bobinette.Maroney@gmail.com,firefighter
424,Thalia,Dreda,Thalia.Dreda@yopmail.com,Thalia.Dreda@gmail.com,worker
425,Dotty,Gaulin,Dotty.Gaulin@yopmail.com,Dotty.Gaulin@gmail.com,firefighter
426,Michaelina,Ellerey,Michaelina.Ellerey@yopmail.com,Michaelina.Ellerey@gmail.com,doctor
427,Lucille,Narton,Lucille.Narton@yopmail.com,Lucille.Narton@gmail.com,doctor
428,Catrina,Joeann,Catrina.Joeann@yopmail.com,Catrina.Joeann@gmail.com,developer
429,Tybie,Jagir,Tybie.Jagir@yopmail.com,Tybie.Jagir@gmail.com,developer
430,Gavrielle,Barbey,Gavrielle.Barbey@yopmail.com,Gavrielle.Barbey@gmail.com,worker
431,Sara-Ann,Amethist,Sara-Ann.Amethist@yopmail.com,Sara-Ann.Amethist@gmail.com,police officer
432,Courtnay,Forrer,Courtnay.Forrer@yopmail.com,Courtnay.Forrer@gmail.com,doctor
433,Tersina,Weide,Tersina.Weide@yopmail.com,Tersina.Weide@gmail.com,doctor
434,Lacie,Gerge,Lacie.Gerge@yopmail.com,Lacie.Gerge@gmail.com,firefighter
435,Gusty,Shirberg,Gusty.Shirberg@yopmail.com,Gusty.Shirberg@gmail.com,police officer
436,Alia,Carvey,Alia.Carvey@yopmail.com,Alia.Carvey@gmail.com,police officer
437,Caryl,Willie,Caryl.Willie@yopmail.com,Caryl.Willie@gmail.com,doctor
438,Ofilia,Juliet,Ofilia.Juliet@yopmail.com,Ofilia.Juliet@gmail.com,police officer
439,Marita,Elephus,Marita.Elephus@yopmail.com,Marita.Elephus@gmail.com,firefighter
440,Deedee,Bonucci,Deedee.Bonucci@yopmail.com,Deedee.Bonucci@gmail.com,police officer
441,Lenna,Angelis,Lenna.Angelis@yopmail.com,Lenna.Angelis@gmail.com,firefighter
442,Corene,Lissi,Corene.Lissi@yopmail.com,Corene.Lissi@gmail.com,firefighter
443,Agnese,Fulmer,Agnese.Fulmer@yopmail.com,Agnese.Fulmer@gmail.com,doctor
444,Brooks,Ferino,Brooks.Ferino@yopmail.com,Brooks.Ferino@gmail.com,doctor
445,Emmey,Fadiman,Emmey.Fadiman@yopmail.com,Emmey.Fadiman@gmail.com,worker
446,Bettine,Hashim,Bettine.Hashim@yopmail.com,Bettine.Hashim@gmail.com,police officer
447,Leontine,Roarke,Leontine.Roarke@yopmail.com,Leontine.Roarke@gmail.com,developer
448,Goldie,Love,Goldie.Love@yopmail.com,Goldie.Love@gmail.com,worker
449,Ardenia,Corabella,Ardenia.Corabella@yopmail.com,Ardenia.Corabella@gmail.com,police officer
450,Caressa,Romelda,Caressa.Romelda@yopmail.com,Caressa.Romelda@gmail.com,doctor
451,Xylina,Bertold,Xylina.Bertold@yopmail.com,Xylina.Bertold@gmail.com,doctor
452,Patricia,Alexandr,Patricia.Alexandr@yopmail.com,Patricia.Alexandr@gmail.com,doctor
453,Marjie,Torray,Marjie.Torray@yopmail.com,Marjie.Torray@gmail.com,developer
454,Sheelagh,Adalbert,Sheelagh.Adalbert@yopmail.com,Sheelagh.Adalbert@gmail.com,doctor
455,Bobbi,Japeth,Bobbi.Japeth@yopmail.com,Bobbi.Japeth@gmail.com,doctor
456,Aurelie,Granoff,Aurelie.Granoff@yopmail.com,Aurelie.Granoff@gmail.com,worker
457,Helsa,Tryck,Helsa.Tryck@yopmail.com,Helsa.Tryck@gmail.com,developer
458,Shell,Gilmour,Shell.Gilmour@yopmail.com,Shell.Gilmour@gmail.com,doctor
459,Sidoney,Ephrem,Sidoney.Ephrem@yopmail.com,Sidoney.Ephrem@gmail.com,worker
460,Florencia,Vivle,Florencia.Vivle@yopmail.com,Florencia.Vivle@gmail.com,worker
461,Elka,Hourigan,Elka.Hourigan@yopmail.com,Elka.Hourigan@gmail.com,doctor
462,Tarra,Rillings,Tarra.Rillings@yopmail.com,Tarra.Rillings@gmail.com,police officer
463,Wanda,Sophronia,Wanda.Sophronia@yopmail.com,Wanda.Sophronia@gmail.com,doctor
464,Peri,Publia,Peri.Publia@yopmail.com,Peri.Publia@gmail.com,police officer
465,Orelia,Judye,Orelia.Judye@yopmail.com,Orelia.Judye@gmail.com,doctor
466,Arlina,Claudine,Arlina.Claudine@yopmail.com,Arlina.Claudine@gmail.com,worker
467,Sheelagh,Aldric,Sheelagh.Aldric@yopmail.com,Sheelagh.Aldric@gmail.com,developer
468,Audrie,Corabella,Audrie.Corabella@yopmail.com,Audrie.Corabella@gmail.com,worker
469,Jobi,Kress,Jobi.Kress@yopmail.com,Jobi.Kress@gmail.com,developer
470,Pearline,Doig,Pearline.Doig@yopmail.com,Pearline.Doig@gmail.com,firefighter
471,Clementine,Keily,Clementine.Keily@yopmail.com,Clementine.Keily@gmail.com,doctor
472,Mignon,Tarrant,Mignon.Tarrant@yopmail.com,Mignon.Tarrant@gmail.com,police officer
473,Abbie,Zuzana,Abbie.Zuzana@yopmail.com,Abbie.Zuzana@gmail.com,worker
474,Nannie,Tiffa,Nannie.Tiffa@yopmail.com,Nannie.Tiffa@gmail.com,worker
475,Sheree,Chobot,Sheree.Chobot@yopmail.com,Sheree.Chobot@gmail.com,firefighter
476,Valeda,Hepsibah,Valeda.Hepsibah@yopmail.com,Valeda.Hepsibah@gmail.com,doctor
477,Flory,Durante,Flory.Durante@yopmail.com,Flory.Durante@gmail.com,firefighter
478,Meriel,Mehalek,Meriel.Mehalek@yopmail.com,Meriel.Mehalek@gmail.com,worker
479,Mathilda,Raama,Mathilda.Raama@yopmail.com,Mathilda.Raama@gmail.com,worker
480,Jeanna,Frodi,Jeanna.Frodi@yopmail.com,Jeanna.Frodi@gmail.com,police officer
481,Charlena,Saree,Charlena.Saree@yopmail.com,Charlena.Saree@gmail.com,firefighter
482,Cristine,Lareena,Cristine.Lareena@yopmail.com,Cristine.Lareena@gmail.com,firefighter
483,Bobbi,Guthrie,Bobbi.Guthrie@yopmail.com,Bobbi.Guthrie@gmail.com,developer
484,Gratia,Kiyoshi,Gratia.Kiyoshi@yopmail.com,Gratia.Kiyoshi@gmail.com,doctor
485,Hollie,Anton,Hollie.Anton@yopmail.com,Hollie.Anton@gmail.com,worker
486,Roz,Zetta,Roz.Zetta@yopmail.com,Roz.Zetta@gmail.com,developer
487,Jasmina,Barrus,Jasmina.Barrus@yopmail.com,Jasmina.Barrus@gmail.com,doctor
488,Maye,Birdella,Maye.Birdella@yopmail.com,Maye.Birdella@gmail.com,developer
489,Fawne,Alrich,Fawne.Alrich@yopmail.com,Fawne.Alrich@gmail.com,worker
490,Cherrita,Darbie,Cherrita.Darbie@yopmail.com,Cherrita.Darbie@gmail.com,doctor
491,Sabina,Allys,Sabina.Allys@yopmail.com,Sabina.Allys@gmail.com,police officer
492,Karly,Stelle,Karly.Stelle@yopmail.com,Karly.Stelle@gmail.com,police officer
493,Pollyanna,Jalbert,Pollyanna.Jalbert@yopmail.com,Pollyanna.Jalbert@gmail.com,developer
494,Korrie,Bendick,Korrie.Bendick@yopmail.com,Korrie.Bendick@gmail.com,doctor
495,Christian,Abbot,Christian.Abbot@yopmail.com,Christian.Abbot@gmail.com,developer
496,Bee,Carey,Bee.Carey@yopmail.com,Bee.Carey@gmail.com,police officer
497,Ezmeralda,Pozzy,Ezmeralda.Pozzy@yopmail.com,Ezmeralda.Pozzy@gmail.com,worker
498,Sissy,Prober,Sissy.Prober@yopmail.com,Sissy.Prober@gmail.com,firefighter
499,Romona,Martsen,Romona.Martsen@yopmail.com,Romona.Martsen@gmail.com,police officer
500,Joelly,Francene,Joelly.Francene@yopmail.com,Joelly.Francene@gmail.com,firefighter
501,Deedee,Girardo,Deedee.Girardo@yopmail.com,Deedee.Girardo@gmail.com,developer
502,Etta,Regan,Etta.Regan@yopmail.com,Etta.Regan@gmail.com,developer
503,Dale,Arquit,Dale.Arquit@yopmail.com,Dale.Arquit@gmail.com,firefighter
504,Annora,Hunfredo,Annora.Hunfredo@yopmail.com,Annora.Hunfredo@gmail.com,developer
505,Ida,Irmine,Ida.Irmine@yopmail.com,Ida.Irmine@gmail.com,developer
506,Tressa,Clarissa,Tressa.Clarissa@yopmail.com,Tressa.Clarissa@gmail.com,developer
507,Marline,Morehouse,Marline.Morehouse@yopmail.com,Marline.Morehouse@gmail.com,developer
508,Marita,Flita,Marita.Flita@yopmail.com,Marita.Flita@gmail.com,developer
509,Johna,Allina,Johna.Allina@yopmail.com,Johna.Allina@gmail.com,firefighter
510,Elbertina,Marden,Elbertina.Marden@yopmail.com,Elbertina.Marden@gmail.com,firefighter
511,Zondra,Hollingsworth,Zondra.Hollingsworth@yopmail.com,Zondra.Hollingsworth@gmail.com,firefighter
512,Marjie,Gilmour,Marjie.Gilmour@yopmail.com,Marjie.Gilmour@gmail.com,doctor
513,Charlena,Rocray,Charlena.Rocray@yopmail.com,Charlena.Rocray@gmail.com,police officer
514,Courtnay,Fabiola,Courtnay.Fabiola@yopmail.com,Courtnay.Fabiola@gmail.com,police officer
515,Margette,Dermott,Margette.Dermott@yopmail.com,Margette.Dermott@gmail.com,doctor
516,Wanda,Palocz,Wanda.Palocz@yopmail.com,Wanda.Palocz@gmail.com,police officer
517,Myrtice,Rese,Myrtice.Rese@yopmail.com,Myrtice.Rese@gmail.com,police officer
518,Tera,Kristi,Tera.Kristi@yopmail.com,Tera.Kristi@gmail.com,firefighter
519,Janenna,Baptlsta,Janenna.Baptlsta@yopmail.com,Janenna.Baptlsta@gmail.com,doctor
520,Latisha,Vanni,Latisha.Vanni@yopmail.com,Latisha.Vanni@gmail.com,police officer
521,Verla,Devlen,Verla.Devlen@yopmail.com,Verla.Devlen@gmail.com,worker
522,Jobi,Soneson,Jobi.Soneson@yopmail.com,Jobi.Soneson@gmail.com,firefighter
523,Riannon,Damarra,Riannon.Damarra@yopmail.com,Riannon.Damarra@gmail.com,firefighter
524,Karina,Sacken,Karina.Sacken@yopmail.com,Karina.Sacken@gmail.com,firefighter
525,Betta,Yuille,Betta.Yuille@yopmail.com,Betta.Yuille@gmail.com,developer
526,Damaris,Ulphia,Damaris.Ulphia@yopmail.com,Damaris.Ulphia@gmail.com,developer
527,Gloria,Hoban,Gloria.Hoban@yopmail.com,Gloria.Hoban@gmail.com,police officer
528,Meriel,Ioab,Meriel.Ioab@yopmail.com,Meriel.Ioab@gmail.com,developer
529,Tiffie,Tannie,Tiffie.Tannie@yopmail.com,Tiffie.Tannie@gmail.com,doctor
530,Estell,Schonfeld,Estell.Schonfeld@yopmail.com,Estell.Schonfeld@gmail.com,firefighter
531,Lelah,Andrel,Lelah.Andrel@yopmail.com,Lelah.Andrel@gmail.com,developer
532,Nananne,Nea,Nananne.Nea@yopmail.com,Nananne.Nea@gmail.com,worker
533,Daryl,Ackerley,Daryl.Ackerley@yopmail.com,Daryl.Ackerley@gmail.com,police officer
534,Flo,Buckler,Flo.Buckler@yopmail.com,Flo.Buckler@gmail.com,police officer
535,Nananne,Lesley,Nananne.Lesley@yopmail.com,Nananne.Lesley@gmail.com,developer
536,Bobbi,Demitria,Bobbi.Demitria@yopmail.com,Bobbi.Demitria@gmail.com,firefighter
537,Konstance,Aldric,Konstance.Aldric@yopmail.com,Konstance.Aldric@gmail.com,doctor
538,Ardenia,Wattenberg,Ardenia.Wattenberg@yopmail.com,Ardenia.Wattenberg@gmail.com,firefighter
539,Nadine,Elsinore,Nadine.Elsinore@yopmail.com,Nadine.Elsinore@gmail.com,worker
540,Dianemarie,Nadia,Dianemarie.Nadia@yopmail.com,Dianemarie.Nadia@gmail.com,police officer
541,Amalie,Levey,Amalie.Levey@yopmail.com,Amalie.Levey@gmail.com,firefighter
542,Renie,Kirbee,Renie.Kirbee@yopmail.com,Renie.Kirbee@gmail.com,police officer
543,Morganica,Dex,Morganica.Dex@yopmail.com,Morganica.Dex@gmail.com,developer
544,Judy,Ruvolo,Judy.Ruvolo@yopmail.com,Judy.Ruvolo@gmail.com,police officer
545,Keelia,Baptlsta,Keelia.Baptlsta@yopmail.com,Keelia.Baptlsta@gmail.com,firefighter
546,Luci,Primalia,Luci.Primalia@yopmail.com,Luci.Primalia@gmail.com,firefighter
547,Jaclyn,Stanwood,Jaclyn.Stanwood@yopmail.com,Jaclyn.Stanwood@gmail.com,firefighter
548,Carolina,Daveta,Carolina.Daveta@yopmail.com,Carolina.Daveta@gmail.com,worker
549,Sabina,Madelene,Sabina.Madelene@yopmail.com,Sabina.Madelene@gmail.com,worker
550,Adele,Dahlia,Adele.Dahlia@yopmail.com,Adele.Dahlia@gmail.com,firefighter
551,Imojean,Taima,Imojean.Taima@yopmail.com,Imojean.Taima@gmail.com,police officer
552,Mellicent,Infield,Mellicent.Infield@yopmail.com,Mellicent.Infield@gmail.com,firefighter
553,Mariele,Florina,Mariele.Florina@yopmail.com,Mariele.Florina@gmail.com,worker
554,Monika,Beebe,Monika.Beebe@yopmail.com,Monika.Beebe@gmail.com,firefighter
555,Therine,Payson,Therine.Payson@yopmail.com,Therine.Payson@gmail.com,doctor
556,Jan,Jena,Jan.Jena@yopmail.com,Jan.Jena@gmail.com,worker
557,Juliane,Tice,Juliane.Tice@yopmail.com,Juliane.Tice@gmail.com,doctor
558,Adelle,Scammon,Adelle.Scammon@yopmail.com,Adelle.Scammon@gmail.com,police officer
559,Sandie,Wolfgram,Sandie.Wolfgram@yopmail.com,Sandie.Wolfgram@gmail.com,firefighter
560,Nelle,Louanna,Nelle.Louanna@yopmail.com,Nelle.Louanna@gmail.com,doctor
561,Emylee,Brackely,Emylee.Brackely@yopmail.com,Emylee.Brackely@gmail.com,doctor
562,Rosaline,Sholley,Rosaline.Sholley@yopmail.com,Rosaline.Sholley@gmail.com,doctor
563,Mahalia,Hazlett,Mahalia.Hazlett@yopmail.com,Mahalia.Hazlett@gmail.com,firefighter
564,Shannah,Mehalek,Shannah.Mehalek@yopmail.com,Shannah.Mehalek@gmail.com,doctor
565,Gloria,Wildermuth,Gloria.Wildermuth@yopmail.com,Gloria.Wildermuth@gmail.com,developer
566,Elise,Ogren,Elise.Ogren@yopmail.com,Elise.Ogren@gmail.com,doctor
567,Bernie,Shama,Bernie.Shama@yopmail.com,Bernie.Shama@gmail.com,worker
568,Arabel,Hanleigh,Arabel.Hanleigh@yopmail.com,Arabel.Hanleigh@gmail.com,doctor
569,Judy,Jillane,Judy.Jillane@yopmail.com,Judy.Jillane@gmail.com,worker
570,Robinia,Markman,Robinia.Markman@yopmail.com,Robinia.Markman@gmail.com,developer
571,Jessy,Kinnard,Jessy.Kinnard@yopmail.com,Jessy.Kinnard@gmail.com,police officer
572,Angelique,Stilwell,Angelique.Stilwell@yopmail.com,Angelique.Stilwell@gmail.com,police officer
573,Kittie,Malanie,Kittie.Malanie@yopmail.com,Kittie.Malanie@gmail.com,worker
574,Lusa,Catie,Lusa.Catie@yopmail.com,Lusa.Catie@gmail.com,worker
575,Tierney,Janith,Tierney.Janith@yopmail.com,Tierney.Janith@gmail.com,firefighter
576,Marylou,Bollay,Marylou.Bollay@yopmail.com,Marylou.Bollay@gmail.com,developer
577,Gertrud,Urias,Gertrud.Urias@yopmail.com,Gertrud.Urias@gmail.com,developer
578,Mallory,Sisile,Mallory.Sisile@yopmail.com,Mallory.Sisile@gmail.com,doctor
579,Andree,Guthrie,Andree.Guthrie@yopmail.com,Andree.Guthrie@gmail.com,worker
580,Myrtice,Philipp,Myrtice.Philipp@yopmail.com,Myrtice.Philipp@gmail.com,developer
581,Babita,Joachim,Babita.Joachim@yopmail.com,Babita.Joachim@gmail.com,firefighter
582,Lyssa,Rheingold,Lyssa.Rheingold@yopmail.com,Lyssa.Rheingold@gmail.com,worker
583,Nananne,Ferrell,Nananne.Ferrell@yopmail.com,Nananne.Ferrell@gmail.com,firefighter
584,Adele,Kristi,Adele.Kristi@yopmail.com,Adele.Kristi@gmail.com,police officer
585,Roberta,Weaks,Roberta.Weaks@yopmail.com,Roberta.Weaks@gmail.com,police officer
586,Verla,Birdella,Verla.Birdella@yopmail.com,Verla.Birdella@gmail.com,worker
587,Wynne,Gale,Wynne.Gale@yopmail.com,Wynne.Gale@gmail.com,firefighter
588,Petronia,Morrill,Petronia.Morrill@yopmail.com,Petronia.Morrill@gmail.com,police officer
589,Katleen,Malvino,Katleen.Malvino@yopmail.com,Katleen.Malvino@gmail.com,developer
590,Alameda,Heidt,Alameda.Heidt@yopmail.com,Alameda.Heidt@gmail.com,worker
591,Gerianna,Ummersen,Gerianna.Ummersen@yopmail.com,Gerianna.Ummersen@gmail.com,developer
592,Kara-Lynn,Kimmie,Kara-Lynn.Kimmie@yopmail.com,Kara-Lynn.Kimmie@gmail.com,worker
593,Dennie,Greyson,Dennie.Greyson@yopmail.com,Dennie.Greyson@gmail.com,developer
594,Ekaterina,Trinetta,Ekaterina.Trinetta@yopmail.com,Ekaterina.Trinetta@gmail.com,firefighter
595,Tracey,Sabella,Tracey.Sabella@yopmail.com,Tracey.Sabella@gmail.com,firefighter
596,Monika,Leonard,Monika.Leonard@yopmail.com,Monika.Leonard@gmail.com,doctor
597,Krystle,Loeb,Krystle.Loeb@yopmail.com,Krystle.Loeb@gmail.com,worker
598,Yetty,Forrer,Yetty.Forrer@yopmail.com,Yetty.Forrer@gmail.com,doctor
599,Cyb,Callista,Cyb.Callista@yopmail.com,Cyb.Callista@gmail.com,doctor
600,Corly,McGrody,Corly.McGrody@yopmail.com,Corly.McGrody@gmail.com,police officer
601,Eadie,LaRue,Eadie.LaRue@yopmail.com,Eadie.LaRue@gmail.com,police officer
602,Mamie,Rillings,Mamie.Rillings@yopmail.com,Mamie.Rillings@gmail.com,doctor
603,Chickie,Cecile,Chickie.Cecile@yopmail.com,Chickie.Cecile@gmail.com,firefighter
604,Adore,Diann,Adore.Diann@yopmail.com,Adore.Diann@gmail.com,firefighter
605,Jackie,Malanie,Jackie.Malanie@yopmail.com,Jackie.Malanie@gmail.com,worker
606,Agathe,Anis,Agathe.Anis@yopmail.com,Agathe.Anis@gmail.com,worker
607,Bill,Cavan,Bill.Cavan@yopmail.com,Bill.Cavan@gmail.com,developer
608,Perry,Vins,Perry.Vins@yopmail.com,Perry.Vins@gmail.com,developer
609,Kirstin,Anton,Kirstin.Anton@yopmail.com,Kirstin.Anton@gmail.com,developer
610,Ezmeralda,Muriel,Ezmeralda.Muriel@yopmail.com,Ezmeralda.Muriel@gmail.com,firefighter
611,Tonia,Turne,Tonia.Turne@yopmail.com,Tonia.Turne@gmail.com,firefighter
612,Lita,Pond,Lita.Pond@yopmail.com,Lita.Pond@gmail.com,developer
613,Julieta,Schenck,Julieta.Schenck@yopmail.com,Julieta.Schenck@gmail.com,police officer
614,Shandie,Bethany,Shandie.Bethany@yopmail.com,Shandie.Bethany@gmail.com,doctor
615,Tabbatha,Waite,Tabbatha.Waite@yopmail.com,Tabbatha.Waite@gmail.com,firefighter
616,Caritta,Belanger,Caritta.Belanger@yopmail.com,Caritta.Belanger@gmail.com,police officer
617,Dorene,Anton,Dorene.Anton@yopmail.com,Dorene.Anton@gmail.com,developer
618,Courtnay,Shuler,Courtnay.Shuler@yopmail.com,Courtnay.Shuler@gmail.com,firefighter
619,Mamie,Silvan,Mamie.Silvan@yopmail.com,Mamie.Silvan@gmail.com,doctor
620,Ernesta,Margret,Ernesta.Margret@yopmail.com,Ernesta.Margret@gmail.com,doctor
621,Jsandye,Lanita,Jsandye.Lanita@yopmail.com,Jsandye.Lanita@gmail.com,firefighter
622,Lusa,Karylin,Lusa.Karylin@yopmail.com,Lusa.Karylin@gmail.com,developer
623,Corina,Pelagias,Corina.Pelagias@yopmail.com,Corina.Pelagias@gmail.com,developer
624,Alejandra,Tarrant,Alejandra.Tarrant@yopmail.com,Alejandra.Tarrant@gmail.com,worker
625,Arabel,Georas,Arabel.Georas@yopmail.com,Arabel.Georas@gmail.com,police officer
626,Oona,Manolo,Oona.Manolo@yopmail.com,Oona.Manolo@gmail.com,police officer
627,Hettie,Amand,Hettie.Amand@yopmail.com,Hettie.Amand@gmail.com,worker
628,Elsie,Kauppi,Elsie.Kauppi@yopmail.com,Elsie.Kauppi@gmail.com,firefighter
629,Marinna,Tamsky,Marinna.Tamsky@yopmail.com,Marinna.Tamsky@gmail.com,firefighter
630,Clarice,Nance,Clarice.Nance@yopmail.com,Clarice.Nance@gmail.com,firefighter
631,Britte,Even,Britte.Even@yopmail.com,Britte.Even@gmail.com,police officer
632,Raquela,Brandice,Raquela.Brandice@yopmail.com,Raquela.Brandice@gmail.com,developer
633,Darci,Jerald,Darci.Jerald@yopmail.com,Darci.Jerald@gmail.com,worker
634,Tracey,Telfer,Tracey.Telfer@yopmail.com,Tracey.Telfer@gmail.com,firefighter
635,Demetris,Alisia,Demetris.Alisia@yopmail.com,Demetris.Alisia@gmail.com,doctor
636,Fred,Rosalba,Fred.Rosalba@yopmail.com,Fred.Rosalba@gmail.com,developer
637,Lynea,Lewes,Lynea.Lewes@yopmail.com,Lynea.Lewes@gmail.com,doctor
638,Linet,Amand,Linet.Amand@yopmail.com,Linet.Amand@gmail.com,developer
639,Kittie,Sheng,Kittie.Sheng@yopmail.com,Kittie.Sheng@gmail.com,firefighter
640,Lucille,Lenny,Lucille.Lenny@yopmail.com,Lucille.Lenny@gmail.com,doctor
641,Cacilie,Wadell,Cacilie.Wadell@yopmail.com,Cacilie.Wadell@gmail.com,police officer
642,Marika,Weinreb,Marika.Weinreb@yopmail.com,Marika.Weinreb@gmail.com,developer
643,Pearline,Sidonius,Pearline.Sidonius@yopmail.com,Pearline.Sidonius@gmail.com,doctor
644,Shaylyn,Lanita,Shaylyn.Lanita@yopmail.com,Shaylyn.Lanita@gmail.com,police officer
645,Kara-Lynn,Cohdwell,Kara-Lynn.Cohdwell@yopmail.com,Kara-Lynn.Cohdwell@gmail.com,police officer
646,Sandie,Parsaye,Sandie.Parsaye@yopmail.com,Sandie.Parsaye@gmail.com,police officer
647,Audrie,Tamar,Audrie.Tamar@yopmail.com,Audrie.Tamar@gmail.com,firefighter
648,Ada,Zetta,Ada.Zetta@yopmail.com,Ada.Zetta@gmail.com,developer
649,Joane,Alrich,Joane.Alrich@yopmail.com,Joane.Alrich@gmail.com,doctor
650,Coral,Ummersen,Coral.Ummersen@yopmail.com,Coral.Ummersen@gmail.com,doctor
651,Raquela,Prober,Raquela.Prober@yopmail.com,Raquela.Prober@gmail.com,developer
652,Romona,Zitvaa,Romona.Zitvaa@yopmail.com,Romona.Zitvaa@gmail.com,worker
653,Myrtice,Henebry,Myrtice.Henebry@yopmail.com,Myrtice.Henebry@gmail.com,worker
654,Kalina,Bebe,Kalina.Bebe@yopmail.com,Kalina.Bebe@gmail.com,developer
655,Barbi,Amethist,Barbi.Amethist@yopmail.com,Barbi.Amethist@gmail.com,doctor
656,Nyssa,Cyrie,Nyssa.Cyrie@yopmail.com,Nyssa.Cyrie@gmail.com,doctor
657,Joelly,Jerald,Joelly.Jerald@yopmail.com,Joelly.Jerald@gmail.com,police officer
658,Rosanne,Hilbert,Rosanne.Hilbert@yopmail.com,Rosanne.Hilbert@gmail.com,doctor
659,Alisha,Fillbert,Alisha.Fillbert@yopmail.com,Alisha.Fillbert@gmail.com,police officer
660,Petronia,Bendick,Petronia.Bendick@yopmail.com,Petronia.Bendick@gmail.com,worker
661,Monika,Haymes,Monika.Haymes@yopmail.com,Monika.Haymes@gmail.com,developer
662,Corry,Cullin,Corry.Cullin@yopmail.com,Corry.Cullin@gmail.com,worker
663,Caryl,Zachary,Caryl.Zachary@yopmail.com,Caryl.Zachary@gmail.com,worker
664,Cyndie,Ulphia,Cyndie.Ulphia@yopmail.com,Cyndie.Ulphia@gmail.com,developer
665,Jaclyn,Publia,Jaclyn.Publia@yopmail.com,Jaclyn.Publia@gmail.com,worker
666,Berta,Hieronymus,Berta.Hieronymus@yopmail.com,Berta.Hieronymus@gmail.com,developer
667,Agathe,Mendez,Agathe.Mendez@yopmail.com,Agathe.Mendez@gmail.com,firefighter
668,Rhea,Damarra,Rhea.Damarra@yopmail.com,Rhea.Damarra@gmail.com,worker
669,Kamilah,Valoniah,Kamilah.Valoniah@yopmail.com,Kamilah.Valoniah@gmail.com,police officer
670,Catrina,Arquit,Catrina.Arquit@yopmail.com,Catrina.Arquit@gmail.com,developer
671,Modestia,Chauncey,Modestia.Chauncey@yopmail.com,Modestia.Chauncey@gmail.com,doctor
672,Calla,Audly,Calla.Audly@yopmail.com,Calla.Audly@gmail.com,worker
673,Gabi,Goerke,Gabi.Goerke@yopmail.com,Gabi.Goerke@gmail.com,worker
674,Regina,Nickola,Regina.Nickola@yopmail.com,Regina.Nickola@gmail.com,developer
675,Carlie,Tamsky,Carlie.Tamsky@yopmail.com,Carlie.Tamsky@gmail.com,worker
676,Desirae,Shelba,Desirae.Shelba@yopmail.com,Desirae.Shelba@gmail.com,developer
677,Kristina,Lemuela,Kristina.Lemuela@yopmail.com,Kristina.Lemuela@gmail.com,police officer
678,Sidoney,Amadas,Sidoney.Amadas@yopmail.com,Sidoney.Amadas@gmail.com,police officer
679,Tami,McClimans,Tami.McClimans@yopmail.com,Tami.McClimans@gmail.com,developer
680,Dennie,Lenny,Dennie.Lenny@yopmail.com,Dennie.Lenny@gmail.com,firefighter
681,Ingrid,Pulsifer,Ingrid.Pulsifer@yopmail.com,Ingrid.Pulsifer@gmail.com,firefighter
682,Donnie,Dielu,Donnie.Dielu@yopmail.com,Donnie.Dielu@gmail.com,developer
683,Cherilyn,Trace,Cherilyn.Trace@yopmail.com,Cherilyn.Trace@gmail.com,doctor
684,Hyacinthe,Johnsson,Hyacinthe.Johnsson@yopmail.com,Hyacinthe.Johnsson@gmail.com,firefighter
685,Benita,Grobe,Benita.Grobe@yopmail.com,Benita.Grobe@gmail.com,firefighter
686,Yolane,Damarra,Yolane.Damarra@yopmail.com,Yolane.Damarra@gmail.com,doctor
687,Deirdre,Arathorn,Deirdre.Arathorn@yopmail.com,Deirdre.Arathorn@gmail.com,developer
688,Harrietta,Posner,Harrietta.Posner@yopmail.com,Harrietta.Posner@gmail.com,doctor
689,Angela,Annabella,Angela.Annabella@yopmail.com,Angela.Annabella@gmail.com,developer
690,Margarette,Jalbert,Margarette.Jalbert@yopmail.com,Margarette.Jalbert@gmail.com,police officer
691,Madalyn,Zeeba,Madalyn.Zeeba@yopmail.com,Madalyn.Zeeba@gmail.com,firefighter
692,Sarette,Nance,Sarette.Nance@yopmail.com,Sarette.Nance@gmail.com,police officer
693,Kassey,Radu,Kassey.Radu@yopmail.com,Kassey.Radu@gmail.com,police officer
694,Vivia,Wittie,Vivia.Wittie@yopmail.com,Vivia.Wittie@gmail.com,developer
695,Florencia,Colyer,Florencia.Colyer@yopmail.com,Florencia.Colyer@gmail.com,firefighter
696,Ermengarde,Lorenz,Ermengarde.Lorenz@yopmail.com,Ermengarde.Lorenz@gmail.com,police officer
697,Raina,Eliathas,Raina.Eliathas@yopmail.com,Raina.Eliathas@gmail.com,worker
698,Vonny,Truc,Vonny.Truc@yopmail.com,Vonny.Truc@gmail.com,firefighter
699,Rayna,Sprage,Rayna.Sprage@yopmail.com,Rayna.Sprage@gmail.com,doctor
700,Dode,Friede,Dode.Friede@yopmail.com,Dode.Friede@gmail.com,doctor
701,Ekaterina,Maiah,Ekaterina.Maiah@yopmail.com,Ekaterina.Maiah@gmail.com,worker
702,Kimmy,Moina,Kimmy.Moina@yopmail.com,Kimmy.Moina@gmail.com,worker
703,Winifred,Agle,Winifred.Agle@yopmail.com,Winifred.Agle@gmail.com,doctor
704,Morganica,Carmena,Morganica.Carmena@yopmail.com,Morganica.Carmena@gmail.com,developer
705,Donnie,Kress,Donnie.Kress@yopmail.com,Donnie.Kress@gmail.com,firefighter
706,Ayn,Wyn,Ayn.Wyn@yopmail.com,Ayn.Wyn@gmail.com,firefighter
707,Sheree,Lucienne,Sheree.Lucienne@yopmail.com,Sheree.Lucienne@gmail.com,police officer
708,Bobbi,Shaver,Bobbi.Shaver@yopmail.com,Bobbi.Shaver@gmail.com,worker
709,Almeta,McCutcheon,Almeta.McCutcheon@yopmail.com,Almeta.McCutcheon@gmail.com,worker
710,Jerry,Thornburg,Jerry.Thornburg@yopmail.com,Jerry.Thornburg@gmail.com,police officer
711,Margette,Astra,Margette.Astra@yopmail.com,Margette.Astra@gmail.com,firefighter
712,Paola,Paton,Paola.Paton@yopmail.com,Paola.Paton@gmail.com,doctor
713,Ronna,Maribeth,Ronna.Maribeth@yopmail.com,Ronna.Maribeth@gmail.com,police officer
714,Chere,Francene,Chere.Francene@yopmail.com,Chere.Francene@gmail.com,doctor
715,Susan,Stuart,Susan.Stuart@yopmail.com,Susan.Stuart@gmail.com,police officer
716,Roberta,Taam,Roberta.Taam@yopmail.com,Roberta.Taam@gmail.com,firefighter
717,Ermengarde,Santoro,Ermengarde.Santoro@yopmail.com,Ermengarde.Santoro@gmail.com,firefighter
718,Fanchon,Dielu,Fanchon.Dielu@yopmail.com,Fanchon.Dielu@gmail.com,police officer
719,Glenda,Kress,Glenda.Kress@yopmail.com,Glenda.Kress@gmail.com,worker
720,Marline,Anastatius,Marline.Anastatius@yopmail.com,Marline.Anastatius@gmail.com,firefighter
721,Doralynne,Howlyn,Doralynne.Howlyn@yopmail.com,Doralynne.Howlyn@gmail.com,firefighter
722,Briney,Kronfeld,Briney.Kronfeld@yopmail.com,Briney.Kronfeld@gmail.com,police officer
723,Barbara,Herrera,Barbara.Herrera@yopmail.com,Barbara.Herrera@gmail.com,developer
724,Rochette,Crudden,Rochette.Crudden@yopmail.com,Rochette.Crudden@gmail.com,developer
725,Johna,Holbrook,Johna.Holbrook@yopmail.com,Johna.Holbrook@gmail.com,worker
726,Hildegaard,Suk,Hildegaard.Suk@yopmail.com,Hildegaard.Suk@gmail.com,worker
727,Lizzie,Cadmar,Lizzie.Cadmar@yopmail.com,Lizzie.Cadmar@gmail.com,doctor
728,Rochette,Tippets,Rochette.Tippets@yopmail.com,Rochette.Tippets@gmail.com,police officer
729,Kassey,Zaslow,Kassey.Zaslow@yopmail.com,Kassey.Zaslow@gmail.com,doctor
730,Jenda,Yuille,Jenda.Yuille@yopmail.com,Jenda.Yuille@gmail.com,police officer
731,Cecile,Waldron,Cecile.Waldron@yopmail.com,Cecile.Waldron@gmail.com,developer
732,Emelina,Kussell,Emelina.Kussell@yopmail.com,Emelina.Kussell@gmail.com,police officer
733,Annabela,Pacorro,Annabela.Pacorro@yopmail.com,Annabela.Pacorro@gmail.com,police officer
734,Willetta,Taima,Willetta.Taima@yopmail.com,Willetta.Taima@gmail.com,firefighter
735,Dyann,Euridice,Dyann.Euridice@yopmail.com,Dyann.Euridice@gmail.com,police officer
736,Karolina,Drisko,Karolina.Drisko@yopmail.com,Karolina.Drisko@gmail.com,worker
737,Kenna,Delila,Kenna.Delila@yopmail.com,Kenna.Delila@gmail.com,developer
738,Sabina,Saint,Sabina.Saint@yopmail.com,Sabina.Saint@gmail.com,developer
739,Sabina,Junie,Sabina.Junie@yopmail.com,Sabina.Junie@gmail.com,doctor
740,Oona,Melony,Oona.Melony@yopmail.com,Oona.Melony@gmail.com,doctor
741,Nanete,Colp,Nanete.Colp@yopmail.com,Nanete.Colp@gmail.com,worker
742,Kristan,Means,Kristan.Means@yopmail.com,Kristan.Means@gmail.com,police officer
743,Trudie,Love,Trudie.Love@yopmail.com,Trudie.Love@gmail.com,worker
744,Shell,Old,Shell.Old@yopmail.com,Shell.Old@gmail.com,doctor
745,Kore,Remmer,Kore.Remmer@yopmail.com,Kore.Remmer@gmail.com,doctor
746,Inga,Rurik,Inga.Rurik@yopmail.com,Inga.Rurik@gmail.com,police officer
747,Karena,Gert,Karena.Gert@yopmail.com,Karena.Gert@gmail.com,firefighter
748,Elka,Maiah,Elka.Maiah@yopmail.com,Elka.Maiah@gmail.com,doctor
749,Demetris,Annabella,Demetris.Annabella@yopmail.com,Demetris.Annabella@gmail.com,doctor
750,Gianina,Saunderson,Gianina.Saunderson@yopmail.com,Gianina.Saunderson@gmail.com,worker
751,Rhea,Tjon,Rhea.Tjon@yopmail.com,Rhea.Tjon@gmail.com,developer
752,Mariele,Si,Mariele.Si@yopmail.com,Mariele.Si@gmail.com,developer
753,Kimmy,Yuille,Kimmy.Yuille@yopmail.com,Kimmy.Yuille@gmail.com,police officer
754,Ardeen,Dannye,Ardeen.Dannye@yopmail.com,Ardeen.Dannye@gmail.com,police officer
755,Edee,Verger,Edee.Verger@yopmail.com,Edee.Verger@gmail.com,doctor
756,Gianina,Rad,Gianina.Rad@yopmail.com,Gianina.Rad@gmail.com,police officer
757,Rochette,Daniele,Rochette.Daniele@yopmail.com,Rochette.Daniele@gmail.com,worker
758,Deedee,Tannie,Deedee.Tannie@yopmail.com,Deedee.Tannie@gmail.com,worker
759,Emma,Clara,Emma.Clara@yopmail.com,Emma.Clara@gmail.com,firefighter
760,Cindelyn,Stevy,Cindelyn.Stevy@yopmail.com,Cindelyn.Stevy@gmail.com,doctor
761,Brianna,Kathie,Brianna.Kathie@yopmail.com,Brianna.Kathie@gmail.com,firefighter
762,Pollyanna,Tomasina,Pollyanna.Tomasina@yopmail.com,Pollyanna.Tomasina@gmail.com,doctor
763,Myriam,Torray,Myriam.Torray@yopmail.com,Myriam.Torray@gmail.com,worker
764,Evita,Alrich,Evita.Alrich@yopmail.com,Evita.Alrich@gmail.com,doctor
765,Teriann,Marden,Teriann.Marden@yopmail.com,Teriann.Marden@gmail.com,firefighter
766,Sonni,Yorick,Sonni.Yorick@yopmail.com,Sonni.Yorick@gmail.com,police officer
767,Hermione,Bartlett,Hermione.Bartlett@yopmail.com,Hermione.Bartlett@gmail.com,developer
768,Carol-Jean,Redmond,Carol-Jean.Redmond@yopmail.com,Carol-Jean.Redmond@gmail.com,worker
769,Zia,Kelula,Zia.Kelula@yopmail.com,Zia.Kelula@gmail.com,developer
770,Karena,Delila,Karena.Delila@yopmail.com,Karena.Delila@gmail.com,firefighter
771,Bobinette,Tarrant,Bobinette.Tarrant@yopmail.com,Bobinette.Tarrant@gmail.com,worker
772,Clary,Rolf,Clary.Rolf@yopmail.com,Clary.Rolf@gmail.com,firefighter
773,Dorene,Letsou,Dorene.Letsou@yopmail.com,Dorene.Letsou@gmail.com,developer
774,Meriel,Helve,Meriel.Helve@yopmail.com,Meriel.Helve@gmail.com,worker
775,Wanda,Pitt,Wanda.Pitt@yopmail.com,Wanda.Pitt@gmail.com,doctor
776,Karena,Lacombe,Karena.Lacombe@yopmail.com,Karena.Lacombe@gmail.com,worker
777,Yetty,Gower,Yetty.Gower@yopmail.com,Yetty.Gower@gmail.com,developer
778,Nannie,Rossner,Nannie.Rossner@yopmail.com,Nannie.Rossner@gmail.com,doctor
779,Madelle,Phyllis,Madelle.Phyllis@yopmail.com,Madelle.Phyllis@gmail.com,police officer
780,Vevay,Rogerio,Vevay.Rogerio@yopmail.com,Vevay.Rogerio@gmail.com,doctor
781,Cam,Ramona,Cam.Ramona@yopmail.com,Cam.Ramona@gmail.com,worker
782,Tobe,Hessler,Tobe.Hessler@yopmail.com,Tobe.Hessler@gmail.com,doctor
783,Fanny,Huggins,Fanny.Huggins@yopmail.com,Fanny.Huggins@gmail.com,firefighter
784,Aurore,Michella,Aurore.Michella@yopmail.com,Aurore.Michella@gmail.com,doctor
785,Addia,Grimbly,Addia.Grimbly@yopmail.com,Addia.Grimbly@gmail.com,firefighter
786,Taffy,Gerge,Taffy.Gerge@yopmail.com,Taffy.Gerge@gmail.com,developer
787,Adele,Abram,Adele.Abram@yopmail.com,Adele.Abram@gmail.com,police officer
788,Ivett,Gaulin,Ivett.Gaulin@yopmail.com,Ivett.Gaulin@gmail.com,firefighter
789,Janey,Mich,Janey.Mich@yopmail.com,Janey.Mich@gmail.com,doctor
790,Shirlee,Ilka,Shirlee.Ilka@yopmail.com,Shirlee.Ilka@gmail.com,police officer
791,Merrie,Raama,Merrie.Raama@yopmail.com,Merrie.Raama@gmail.com,doctor
792,Cyndie,Tillford,Cyndie.Tillford@yopmail.com,Cyndie.Tillford@gmail.com,police officer
793,Maridel,Cath,Maridel.Cath@yopmail.com,Maridel.Cath@gmail.com,police officer
794,Iseabal,Ahab,Iseabal.Ahab@yopmail.com,Iseabal.Ahab@gmail.com,developer
795,Kathy,Adlare,Kathy.Adlare@yopmail.com,Kathy.Adlare@gmail.com,worker
796,Hallie,Burnside,Hallie.Burnside@yopmail.com,Hallie.Burnside@gmail.com,police officer
797,Kate,Ellerey,Kate.Ellerey@yopmail.com,Kate.Ellerey@gmail.com,firefighter
798,Lanna,Wyn,Lanna.Wyn@yopmail.com,Lanna.Wyn@gmail.com,developer
799,Jinny,Lamoree,Jinny.Lamoree@yopmail.com,Jinny.Lamoree@gmail.com,worker
800,Nadine,Ricarda,Nadine.Ricarda@yopmail.com,Nadine.Ricarda@gmail.com,firefighter
801,Karolina,Mitzi,Karolina.Mitzi@yopmail.com,Karolina.Mitzi@gmail.com,developer
802,Gavrielle,Merell,Gavrielle.Merell@yopmail.com,Gavrielle.Merell@gmail.com,worker
803,Jan,Codding,Jan.Codding@yopmail.com,Jan.Codding@gmail.com,police officer
804,Miquela,Socha,Miquela.Socha@yopmail.com,Miquela.Socha@gmail.com,firefighter
805,Stacey,Alwin,Stacey.Alwin@yopmail.com,Stacey.Alwin@gmail.com,worker
806,Larine,Medrek,Larine.Medrek@yopmail.com,Larine.Medrek@gmail.com,police officer
807,Petronia,Ilka,Petronia.Ilka@yopmail.com,Petronia.Ilka@gmail.com,worker
808,Mellicent,Merriott,Mellicent.Merriott@yopmail.com,Mellicent.Merriott@gmail.com,police officer
809,Tatiania,Kylander,Tatiania.Kylander@yopmail.com,Tatiania.Kylander@gmail.com,firefighter
810,Kellen,Lauraine,Kellen.Lauraine@yopmail.com,Kellen.Lauraine@gmail.com,police officer
811,Bobinette,Marden,Bobinette.Marden@yopmail.com,Bobinette.Marden@gmail.com,police officer
812,Shel,Dowski,Shel.Dowski@yopmail.com,Shel.Dowski@gmail.com,worker
813,Judy,Silvan,Judy.Silvan@yopmail.com,Judy.Silvan@gmail.com,developer
814,Devina,Hessler,Devina.Hessler@yopmail.com,Devina.Hessler@gmail.com,police officer
815,Claresta,Rad,Claresta.Rad@yopmail.com,Claresta.Rad@gmail.com,doctor
816,Tomasina,Israeli,Tomasina.Israeli@yopmail.com,Tomasina.Israeli@gmail.com,developer
817,Dari,Ade,Dari.Ade@yopmail.com,Dari.Ade@gmail.com,worker
818,Elie,Fiester,Elie.Fiester@yopmail.com,Elie.Fiester@gmail.com,developer
819,Caryl,Seumas,Caryl.Seumas@yopmail.com,Caryl.Seumas@gmail.com,doctor
820,Lila,Alva,Lila.Alva@yopmail.com,Lila.Alva@gmail.com,doctor
821,Jsandye,Kiersten,Jsandye.Kiersten@yopmail.com,Jsandye.Kiersten@gmail.com,developer
822,Carolina,Guildroy,Carolina.Guildroy@yopmail.com,Carolina.Guildroy@gmail.com,doctor
823,Joeann,Niles,Joeann.Niles@yopmail.com,Joeann.Niles@gmail.com,doctor
824,Collen,Carvey,Collen.Carvey@yopmail.com,Collen.Carvey@gmail.com,firefighter
825,Jacquetta,Parsaye,Jacquetta.Parsaye@yopmail.com,Jacquetta.Parsaye@gmail.com,firefighter
826,Olwen,Latini,Olwen.Latini@yopmail.com,Olwen.Latini@gmail.com,developer
827,Hayley,Esmaria,Hayley.Esmaria@yopmail.com,Hayley.Esmaria@gmail.com,firefighter
828,Libbie,Means,Libbie.Means@yopmail.com,Libbie.Means@gmail.com,worker
829,Asia,Bouchard,Asia.Bouchard@yopmail.com,Asia.Bouchard@gmail.com,firefighter
830,Jolyn,Boehike,Jolyn.Boehike@yopmail.com,Jolyn.Boehike@gmail.com,doctor
831,Caritta,Maples,Caritta.Maples@yopmail.com,Caritta.Maples@gmail.com,police officer
832,Valera,Valerio,Valera.Valerio@yopmail.com,Valera.Valerio@gmail.com,doctor
833,Verla,Markman,Verla.Markman@yopmail.com,Verla.Markman@gmail.com,police officer
834,Jillayne,Sperling,Jillayne.Sperling@yopmail.com,Jillayne.Sperling@gmail.com,firefighter
835,Vivia,Dom,Vivia.Dom@yopmail.com,Vivia.Dom@gmail.com,worker
836,Gilligan,Erminia,Gilligan.Erminia@yopmail.com,Gilligan.Erminia@gmail.com,doctor
837,Kaia,Janene,Kaia.Janene@yopmail.com,Kaia.Janene@gmail.com,police officer
838,Chastity,Germann,Chastity.Germann@yopmail.com,Chastity.Germann@gmail.com,doctor
839,Alie,Hessler,Alie.Hessler@yopmail.com,Alie.Hessler@gmail.com,doctor
840,Adriana,My,Adriana.My@yopmail.com,Adriana.My@gmail.com,doctor
841,Ida,Isacco,Ida.Isacco@yopmail.com,Ida.Isacco@gmail.com,firefighter
842,Lisette,Erlandson,Lisette.Erlandson@yopmail.com,Lisette.Erlandson@gmail.com,police officer
843,Beatriz,Ephrem,Beatriz.Ephrem@yopmail.com,Beatriz.Ephrem@gmail.com,developer
844,Kelly,Wesle,Kelly.Wesle@yopmail.com,Kelly.Wesle@gmail.com,developer
845,Gloria,Abram,Gloria.Abram@yopmail.com,Gloria.Abram@gmail.com,worker
846,Pamella,Cornelia,Pamella.Cornelia@yopmail.com,Pamella.Cornelia@gmail.com,doctor
847,Starla,Wallis,Starla.Wallis@yopmail.com,Starla.Wallis@gmail.com,doctor
848,Adelle,Adalbert,Adelle.Adalbert@yopmail.com,Adelle.Adalbert@gmail.com,developer
849,Courtnay,Melan,Courtnay.Melan@yopmail.com,Courtnay.Melan@gmail.com,developer
850,Flo,Timon,Flo.Timon@yopmail.com,Flo.Timon@gmail.com,worker
851,Shirlee,Viddah,Shirlee.Viddah@yopmail.com,Shirlee.Viddah@gmail.com,firefighter
852,Jorry,Madelene,Jorry.Madelene@yopmail.com,Jorry.Madelene@gmail.com,developer
853,Angela,Buttaro,Angela.Buttaro@yopmail.com,Angela.Buttaro@gmail.com,firefighter
854,Jan,Aloise,Jan.Aloise@yopmail.com,Jan.Aloise@gmail.com,worker
855,Dione,Schlosser,Dione.Schlosser@yopmail.com,Dione.Schlosser@gmail.com,police officer
856,Elvira,Anastatius,Elvira.Anastatius@yopmail.com,Elvira.Anastatius@gmail.com,firefighter
857,Gale,Mullane,Gale.Mullane@yopmail.com,Gale.Mullane@gmail.com,police officer
858,Evaleen,Naashom,Evaleen.Naashom@yopmail.com,Evaleen.Naashom@gmail.com,doctor
859,Sophia,Rhu,Sophia.Rhu@yopmail.com,Sophia.Rhu@gmail.com,developer
860,Jessy,Prober,Jessy.Prober@yopmail.com,Jessy.Prober@gmail.com,doctor
861,Kassey,Heisel,Kassey.Heisel@yopmail.com,Kassey.Heisel@gmail.com,police officer
862,Devina,Sancho,Devina.Sancho@yopmail.com,Devina.Sancho@gmail.com,worker
863,Joy,Alfons,Joy.Alfons@yopmail.com,Joy.Alfons@gmail.com,developer
864,Dione,Dermott,Dione.Dermott@yopmail.com,Dione.Dermott@gmail.com,firefighter
865,Romona,Harriman,Romona.Harriman@yopmail.com,Romona.Harriman@gmail.com,firefighter
866,Aeriela,Ezar,Aeriela.Ezar@yopmail.com,Aeriela.Ezar@gmail.com,developer
867,Hildegaard,Amasa,Hildegaard.Amasa@yopmail.com,Hildegaard.Amasa@gmail.com,firefighter
868,Wileen,Alwin,Wileen.Alwin@yopmail.com,Wileen.Alwin@gmail.com,doctor
869,Ileana,Tound,Ileana.Tound@yopmail.com,Ileana.Tound@gmail.com,doctor
870,Frieda,Clarissa,Frieda.Clarissa@yopmail.com,Frieda.Clarissa@gmail.com,worker
871,Ofilia,Pandolfi,Ofilia.Pandolfi@yopmail.com,Ofilia.Pandolfi@gmail.com,firefighter
872,Nonnah,Amand,Nonnah.Amand@yopmail.com,Nonnah.Amand@gmail.com,doctor
873,Ana,Garbe,Ana.Garbe@yopmail.com,Ana.Garbe@gmail.com,developer
874,Jean,Gwenore,Jean.Gwenore@yopmail.com,Jean.Gwenore@gmail.com,doctor
875,Flo,Truc,Flo.Truc@yopmail.com,Flo.Truc@gmail.com,firefighter
876,Abbie,Rad,Abbie.Rad@yopmail.com,Abbie.Rad@gmail.com,worker
877,Perry,Winnick,Perry.Winnick@yopmail.com,Perry.Winnick@gmail.com,developer
878,Sheelagh,Brady,Sheelagh.Brady@yopmail.com,Sheelagh.Brady@gmail.com,doctor
879,Ariela,Gillan,Ariela.Gillan@yopmail.com,Ariela.Gillan@gmail.com,developer
880,Kassey,Sammons,Kassey.Sammons@yopmail.com,Kassey.Sammons@gmail.com,developer
881,Fernande,Ajay,Fernande.Ajay@yopmail.com,Fernande.Ajay@gmail.com,developer
882,Justinn,Mott,Justinn.Mott@yopmail.com,Justinn.Mott@gmail.com,police officer
883,Tybie,Noam,Tybie.Noam@yopmail.com,Tybie.Noam@gmail.com,police officer
884,Gerrie,Jacinda,Gerrie.Jacinda@yopmail.com,Gerrie.Jacinda@gmail.com,firefighter
885,Lila,Hilbert,Lila.Hilbert@yopmail.com,Lila.Hilbert@gmail.com,police officer
886,Nelle,Wilkinson,Nelle.Wilkinson@yopmail.com,Nelle.Wilkinson@gmail.com,worker
887,Tori,Arquit,Tori.Arquit@yopmail.com,Tori.Arquit@gmail.com,doctor
888,Alia,Granoff,Alia.Granoff@yopmail.com,Alia.Granoff@gmail.com,worker
889,Eolanda,Hepsibah,Eolanda.Hepsibah@yopmail.com,Eolanda.Hepsibah@gmail.com,firefighter
890,Amalie,Sikorski,Amalie.Sikorski@yopmail.com,Amalie.Sikorski@gmail.com,developer
891,Emylee,Billye,Emylee.Billye@yopmail.com,Emylee.Billye@gmail.com,doctor
892,Charmaine,Anyah,Charmaine.Anyah@yopmail.com,Charmaine.Anyah@gmail.com,firefighter
893,Jany,Pattin,Jany.Pattin@yopmail.com,Jany.Pattin@gmail.com,developer
894,Hildegaard,Joseph,Hildegaard.Joseph@yopmail.com,Hildegaard.Joseph@gmail.com,developer
895,Maisey,Remmer,Maisey.Remmer@yopmail.com,Maisey.Remmer@gmail.com,firefighter
896,Sybille,Kenney,Sybille.Kenney@yopmail.com,Sybille.Kenney@gmail.com,police officer
897,Corene,Maryanne,Corene.Maryanne@yopmail.com,Corene.Maryanne@gmail.com,worker
898,Kimberley,Aurelio,Kimberley.Aurelio@yopmail.com,Kimberley.Aurelio@gmail.com,developer
899,Barbara,Sigfrid,Barbara.Sigfrid@yopmail.com,Barbara.Sigfrid@gmail.com,worker
900,Rozele,Yam,Rozele.Yam@yopmail.com,Rozele.Yam@gmail.com,doctor
901,Modestia,Persse,Modestia.Persse@yopmail.com,Modestia.Persse@gmail.com,doctor
902,Hyacinthe,Odysseus,Hyacinthe.Odysseus@yopmail.com,Hyacinthe.Odysseus@gmail.com,developer
903,Lizzie,Graig,Lizzie.Graig@yopmail.com,Lizzie.Graig@gmail.com,police officer
904,Ekaterina,Bach,Ekaterina.Bach@yopmail.com,Ekaterina.Bach@gmail.com,worker
905,Catharine,Berne,Catharine.Berne@yopmail.com,Catharine.Berne@gmail.com,doctor
906,Sibella,Autrey,Sibella.Autrey@yopmail.com,Sibella.Autrey@gmail.com,developer
907,Ingrid,Lorenz,Ingrid.Lorenz@yopmail.com,Ingrid.Lorenz@gmail.com,firefighter
908,Rivalee,Deny,Rivalee.Deny@yopmail.com,Rivalee.Deny@gmail.com,firefighter
909,Cherrita,Suzetta,Cherrita.Suzetta@yopmail.com,Cherrita.Suzetta@gmail.com,firefighter
910,Kylynn,Suzetta,Kylynn.Suzetta@yopmail.com,Kylynn.Suzetta@gmail.com,worker
911,Roslyn,Saree,Roslyn.Saree@yopmail.com,Roslyn.Saree@gmail.com,police officer
912,Meriel,Kendrick,Meriel.Kendrick@yopmail.com,Meriel.Kendrick@gmail.com,police officer
913,Margette,Nance,Margette.Nance@yopmail.com,Margette.Nance@gmail.com,police officer
914,Sonni,Infield,Sonni.Infield@yopmail.com,Sonni.Infield@gmail.com,firefighter
915,Queenie,Amethist,Queenie.Amethist@yopmail.com,Queenie.Amethist@gmail.com,worker
916,Nerta,Dulciana,Nerta.Dulciana@yopmail.com,Nerta.Dulciana@gmail.com,firefighter
917,Adriana,Bow,Adriana.Bow@yopmail.com,Adriana.Bow@gmail.com,developer
918,Kaja,Rona,Kaja.Rona@yopmail.com,Kaja.Rona@gmail.com,doctor
919,Gusty,Bluh,Gusty.Bluh@yopmail.com,Gusty.Bluh@gmail.com,firefighter
920,Beatriz,Aaberg,Beatriz.Aaberg@yopmail.com,Beatriz.Aaberg@gmail.com,worker
921,Frances,Colleen,Frances.Colleen@yopmail.com,Frances.Colleen@gmail.com,worker
922,Helsa,Johanna,Helsa.Johanna@yopmail.com,Helsa.Johanna@gmail.com,doctor
923,Chloris,Khorma,Chloris.Khorma@yopmail.com,Chloris.Khorma@gmail.com,developer
924,Amelia,Stuart,Amelia.Stuart@yopmail.com,Amelia.Stuart@gmail.com,worker
925,Charissa,Emanuel,Charissa.Emanuel@yopmail.com,Charissa.Emanuel@gmail.com,police officer
926,Max,Armanda,Max.Armanda@yopmail.com,Max.Armanda@gmail.com,doctor
927,Randa,Flita,Randa.Flita@yopmail.com,Randa.Flita@gmail.com,doctor
928,Katuscha,Jorgan,Katuscha.Jorgan@yopmail.com,Katuscha.Jorgan@gmail.com,doctor
929,Jennica,Ariella,Jennica.Ariella@yopmail.com,Jennica.Ariella@gmail.com,police officer
930,Paola,Rebecka,Paola.Rebecka@yopmail.com,Paola.Rebecka@gmail.com,police officer
931,Christy,Laurianne,Christy.Laurianne@yopmail.com,Christy.Laurianne@gmail.com,firefighter
932,Dacia,Neils,Dacia.Neils@yopmail.com,Dacia.Neils@gmail.com,worker
933,Imojean,Merna,Imojean.Merna@yopmail.com,Imojean.Merna@gmail.com,police officer
934,Linet,Ophelia,Linet.Ophelia@yopmail.com,Linet.Ophelia@gmail.com,police officer
935,Cristabel,Delila,Cristabel.Delila@yopmail.com,Cristabel.Delila@gmail.com,firefighter
936,Quintina,Karna,Quintina.Karna@yopmail.com,Quintina.Karna@gmail.com,developer
937,Carmencita,Kolnick,Carmencita.Kolnick@yopmail.com,Carmencita.Kolnick@gmail.com,worker
938,Karina,Dorothy,Karina.Dorothy@yopmail.com,Karina.Dorothy@gmail.com,police officer
939,Dari,Monaco,Dari.Monaco@yopmail.com,Dari.Monaco@gmail.com,worker
940,Olwen,Wilona,Olwen.Wilona@yopmail.com,Olwen.Wilona@gmail.com,doctor
941,Alia,Shirberg,Alia.Shirberg@yopmail.com,Alia.Shirberg@gmail.com,developer
942,Celestyna,Wildermuth,Celestyna.Wildermuth@yopmail.com,Celestyna.Wildermuth@gmail.com,police officer
943,Atlanta,Nahum,Atlanta.Nahum@yopmail.com,Atlanta.Nahum@gmail.com,worker
944,Evaleen,Stelle,Evaleen.Stelle@yopmail.com,Evaleen.Stelle@gmail.com,worker
945,Vita,Anestassia,Vita.Anestassia@yopmail.com,Vita.Anestassia@gmail.com,doctor
946,Cathie,Warthman,Cathie.Warthman@yopmail.com,Cathie.Warthman@gmail.com,developer
947,Phedra,Norvol,Phedra.Norvol@yopmail.com,Phedra.Norvol@gmail.com,worker
948,Lanna,Dituri,Lanna.Dituri@yopmail.com,Lanna.Dituri@gmail.com,firefighter
949,Ileana,Juliet,Ileana.Juliet@yopmail.com,Ileana.Juliet@gmail.com,firefighter
950,Tybie,Aldric,Tybie.Aldric@yopmail.com,Tybie.Aldric@gmail.com,developer
951,Jacenta,Fontana,Jacenta.Fontana@yopmail.com,Jacenta.Fontana@gmail.com,firefighter
952,Joleen,Merell,Joleen.Merell@yopmail.com,Joleen.Merell@gmail.com,police officer
953,Beverley,Ochs,Beverley.Ochs@yopmail.com,Beverley.Ochs@gmail.com,police officer
954,Merle,Toni,Merle.Toni@yopmail.com,Merle.Toni@gmail.com,worker
955,Odessa,Ingra,Odessa.Ingra@yopmail.com,Odessa.Ingra@gmail.com,firefighter
956,Marnia,Zaslow,Marnia.Zaslow@yopmail.com,Marnia.Zaslow@gmail.com,developer
957,Melina,Kelula,Melina.Kelula@yopmail.com,Melina.Kelula@gmail.com,police officer
958,Therine,Hazlett,Therine.Hazlett@yopmail.com,Therine.Hazlett@gmail.com,doctor
959,Nanete,Rhu,Nanete.Rhu@yopmail.com,Nanete.Rhu@gmail.com,doctor
960,Lorie,Mich,Lorie.Mich@yopmail.com,Lorie.Mich@gmail.com,police officer
961,Yolane,Callista,Yolane.Callista@yopmail.com,Yolane.Callista@gmail.com,worker
962,Olwen,Franza,Olwen.Franza@yopmail.com,Olwen.Franza@gmail.com,worker
963,Teriann,Vastah,Teriann.Vastah@yopmail.com,Teriann.Vastah@gmail.com,developer
964,Violet,Ogren,Violet.Ogren@yopmail.com,Violet.Ogren@gmail.com,firefighter
965,Selma,Bohlin,Selma.Bohlin@yopmail.com,Selma.Bohlin@gmail.com,worker
966,Frances,Jefferey,Frances.Jefferey@yopmail.com,Frances.Jefferey@gmail.com,developer
967,Briney,Durware,Briney.Durware@yopmail.com,Briney.Durware@gmail.com,police officer
968,Concettina,Dorothy,Concettina.Dorothy@yopmail.com,Concettina.Dorothy@gmail.com,firefighter
969,Mellicent,Phi,Mellicent.Phi@yopmail.com,Mellicent.Phi@gmail.com,doctor
970,Anthia,Duwalt,Anthia.Duwalt@yopmail.com,Anthia.Duwalt@gmail.com,developer
971,Tami,Bollay,Tami.Bollay@yopmail.com,Tami.Bollay@gmail.com,worker
972,Leona,Marsden,Leona.Marsden@yopmail.com,Leona.Marsden@gmail.com,doctor
973,Dulcinea,Fabiola,Dulcinea.Fabiola@yopmail.com,Dulcinea.Fabiola@gmail.com,firefighter
974,Vivia,Tomasina,Vivia.Tomasina@yopmail.com,Vivia.Tomasina@gmail.com,firefighter
975,Korrie,Oriana,Korrie.Oriana@yopmail.com,Korrie.Oriana@gmail.com,developer
976,Linzy,Rosette,Linzy.Rosette@yopmail.com,Linzy.Rosette@gmail.com,police officer
977,Gianina,Riva,Gianina.Riva@yopmail.com,Gianina.Riva@gmail.com,firefighter
978,Aili,Salvidor,Aili.Salvidor@yopmail.com,Aili.Salvidor@gmail.com,worker
979,Mireielle,Natalia,Mireielle.Natalia@yopmail.com,Mireielle.Natalia@gmail.com,firefighter
980,Valli,Garbe,Valli.Garbe@yopmail.com,Valli.Garbe@gmail.com,developer
981,Viki,Grayce,Viki.Grayce@yopmail.com,Viki.Grayce@gmail.com,firefighter
982,Ezmeralda,Wooster,Ezmeralda.Wooster@yopmail.com,Ezmeralda.Wooster@gmail.com,firefighter
983,Kore,Othilia,Kore.Othilia@yopmail.com,Kore.Othilia@gmail.com,firefighter
984,Kerrin,Milson,Kerrin.Milson@yopmail.com,Kerrin.Milson@gmail.com,worker
985,Almeta,Allys,Almeta.Allys@yopmail.com,Almeta.Allys@gmail.com,worker
986,Elie,Cimbura,Elie.Cimbura@yopmail.com,Elie.Cimbura@gmail.com,worker
987,Lesly,Franza,Lesly.Franza@yopmail.com,Lesly.Franza@gmail.com,police officer
988,Olivette,Wolfgram,Olivette.Wolfgram@yopmail.com,Olivette.Wolfgram@gmail.com,doctor
989,Peri,Luhe,Peri.Luhe@yopmail.com,Peri.Luhe@gmail.com,police officer
990,Elora,Beniamino,Elora.Beniamino@yopmail.com,Elora.Beniamino@gmail.com,developer
991,Yolane,Wadell,Yolane.Wadell@yopmail.com,Yolane.Wadell@gmail.com,police officer
992,Sallie,Hachmin,Sallie.Hachmin@yopmail.com,Sallie.Hachmin@gmail.com,police officer
993,Maryellen,Frendel,Maryellen.Frendel@yopmail.com,Maryellen.Frendel@gmail.com,developer
994,Aurore,Niccolo,Aurore.Niccolo@yopmail.com,Aurore.Niccolo@gmail.com,police officer
995,Marcy,Shanley,Marcy.Shanley@yopmail.com,Marcy.Shanley@gmail.com,police officer
996,Dominga,Taima,Dominga.Taima@yopmail.com,Dominga.Taima@gmail.com,developer
997,Lanae,Stoller,Lanae.Stoller@yopmail.com,Lanae.Stoller@gmail.com,police officer
998,Sarette,Gladstone,Sarette.Gladstone@yopmail.com,Sarette.Gladstone@gmail.com,firefighter
999,Fredericka,Vharat,Fredericka.Vharat@yopmail.com,Fredericka.Vharat@gmail.com,firefighter
1000,Cindelyn,Rustice,Cindelyn.Rustice@yopmail.com,Cindelyn.Rustice@gmail.com,police officer
1001,Ardys,Marden,Ardys.Marden@yopmail.com,Ardys.Marden@gmail.com,police officer
1002,Sissy,Chandler,Sissy.Chandler@yopmail.com,Sissy.Chandler@gmail.com,firefighter
1003,Mureil,Ellerey,Mureil.Ellerey@yopmail.com,Mureil.Ellerey@gmail.com,doctor
1004,Winny,Modie,Winny.Modie@yopmail.com,Winny.Modie@gmail.com,worker
1005,Minda,Friede,Minda.Friede@yopmail.com,Minda.Friede@gmail.com,firefighter
1006,Carree,Gherardo,Carree.Gherardo@yopmail.com,Carree.Gherardo@gmail.com,doctor
1007,Selia,August,Selia.August@yopmail.com,Selia.August@gmail.com,worker
1008,Annabela,Lytton,Annabela.Lytton@yopmail.com,Annabela.Lytton@gmail.com,police officer
1009,Annaliese,Larochelle,Annaliese.Larochelle@yopmail.com,Annaliese.Larochelle@gmail.com,developer
1010,Kary,Dosia,Kary.Dosia@yopmail.com,Kary.Dosia@gmail.com,doctor
1011,Jenda,Poppy,Jenda.Poppy@yopmail.com,Jenda.Poppy@gmail.com,doctor
1012,Jenda,Alwin,Jenda.Alwin@yopmail.com,Jenda.Alwin@gmail.com,developer
1013,Randa,Sammons,Randa.Sammons@yopmail.com,Randa.Sammons@gmail.com,developer
1014,Hayley,Rugen,Hayley.Rugen@yopmail.com,Hayley.Rugen@gmail.com,developer
1015,Dale,Harriman,Dale.Harriman@yopmail.com,Dale.Harriman@gmail.com,firefighter
1016,Coral,Simmonds,Coral.Simmonds@yopmail.com,Coral.Simmonds@gmail.com,developer
1017,Augustine,Brady,Augustine.Brady@yopmail.com,Augustine.Brady@gmail.com,worker
1018,Danny,Roxanna,Danny.Roxanna@yopmail.com,Danny.Roxanna@gmail.com,police officer
1019,Belva,Reinke,Belva.Reinke@yopmail.com,Belva.Reinke@gmail.com,firefighter
1020,Edee,Ellord,Edee.Ellord@yopmail.com,Edee.Ellord@gmail.com,police officer
1021,Christal,Alejoa,Christal.Alejoa@yopmail.com,Christal.Alejoa@gmail.com,doctor
1022,Kerrin,Goth,Kerrin.Goth@yopmail.com,Kerrin.Goth@gmail.com,doctor
1023,Tami,Schonfeld,Tami.Schonfeld@yopmail.com,Tami.Schonfeld@gmail.com,doctor
1024,Konstance,Marcellus,Konstance.Marcellus@yopmail.com,Konstance.Marcellus@gmail.com,firefighter
1025,Alyssa,Cynar,Alyssa.Cynar@yopmail.com,Alyssa.Cynar@gmail.com,firefighter
1026,Alexine,Lacombe,Alexine.Lacombe@yopmail.com,Alexine.Lacombe@gmail.com,police officer
1027,Cherrita,Valoniah,Cherrita.Valoniah@yopmail.com,Cherrita.Valoniah@gmail.com,firefighter
1028,Mireielle,Erlandson,Mireielle.Erlandson@yopmail.com,Mireielle.Erlandson@gmail.com,developer
1029,Pearline,Dalli,Pearline.Dalli@yopmail.com,Pearline.Dalli@gmail.com,developer
1030,Hildegaard,Cloris,Hildegaard.Cloris@yopmail.com,Hildegaard.Cloris@gmail.com,police officer
1031,Misha,Land,Misha.Land@yopmail.com,Misha.Land@gmail.com,firefighter
1032,Patricia,Stoller,Patricia.Stoller@yopmail.com,Patricia.Stoller@gmail.com,firefighter
1033,Phedra,Cookie,Phedra.Cookie@yopmail.com,Phedra.Cookie@gmail.com,police officer
1034,Angela,Riordan,Angela.Riordan@yopmail.com,Angela.Riordan@gmail.com,police officer
1035,Gilda,Ruvolo,Gilda.Ruvolo@yopmail.com,Gilda.Ruvolo@gmail.com,police officer
1036,Margarette,Karl,Margarette.Karl@yopmail.com,Margarette.Karl@gmail.com,worker
1037,Lory,Blisse,Lory.Blisse@yopmail.com,Lory.Blisse@gmail.com,developer
1038,Dominga,Gladstone,Dominga.Gladstone@yopmail.com,Dominga.Gladstone@gmail.com,doctor
1039,Fidelia,Ariella,Fidelia.Ariella@yopmail.com,Fidelia.Ariella@gmail.com,developer
1040,Robbi,Florina,Robbi.Florina@yopmail.com,Robbi.Florina@gmail.com,firefighter
1041,Maryellen,Publia,Maryellen.Publia@yopmail.com,Maryellen.Publia@gmail.com,firefighter
1042,Ariela,Kannry,Ariela.Kannry@yopmail.com,Ariela.Kannry@gmail.com,developer
1043,Dagmar,Ricarda,Dagmar.Ricarda@yopmail.com,Dagmar.Ricarda@gmail.com,worker
1044,Jacenta,Jerold,Jacenta.Jerold@yopmail.com,Jacenta.Jerold@gmail.com,developer
1045,Carlie,Stuart,Carlie.Stuart@yopmail.com,Carlie.Stuart@gmail.com,worker
1046,Frances,Land,Frances.Land@yopmail.com,Frances.Land@gmail.com,doctor
1047,Benita,Kelula,Benita.Kelula@yopmail.com,Benita.Kelula@gmail.com,doctor
1048,Viviene,Lilybelle,Viviene.Lilybelle@yopmail.com,Viviene.Lilybelle@gmail.com,firefighter
1049,Natka,Lesley,Natka.Lesley@yopmail.com,Natka.Lesley@gmail.com,police officer
1050,Chandra,Narton,Chandra.Narton@yopmail.com,Chandra.Narton@gmail.com,doctor
1051,Alyssa,Sundin,Alyssa.Sundin@yopmail.com,Alyssa.Sundin@gmail.com,worker
1052,Bettine,Jenness,Bettine.Jenness@yopmail.com,Bettine.Jenness@gmail.com,police officer
1053,Agathe,Allys,Agathe.Allys@yopmail.com,Agathe.Allys@gmail.com,police officer
1054,Peri,Elephus,Peri.Elephus@yopmail.com,Peri.Elephus@gmail.com,worker
1055,Fernande,Deny,Fernande.Deny@yopmail.com,Fernande.Deny@gmail.com,police officer
1056,Adelle,Johnsson,Adelle.Johnsson@yopmail.com,Adelle.Johnsson@gmail.com,developer
1057,Beth,Emerson,Beth.Emerson@yopmail.com,Beth.Emerson@gmail.com,developer
1058,Glynnis,Elephus,Glynnis.Elephus@yopmail.com,Glynnis.Elephus@gmail.com,developer
1059,Adore,Septima,Adore.Septima@yopmail.com,Adore.Septima@gmail.com,developer
1060,Minne,Nea,Minne.Nea@yopmail.com,Minne.Nea@gmail.com,firefighter
1061,Joleen,August,Joleen.August@yopmail.com,Joleen.August@gmail.com,firefighter
1062,Clo,Remmer,Clo.Remmer@yopmail.com,Clo.Remmer@gmail.com,doctor
1063,Alisha,Anton,Alisha.Anton@yopmail.com,Alisha.Anton@gmail.com,developer
1064,Stephanie,Abernon,Stephanie.Abernon@yopmail.com,Stephanie.Abernon@gmail.com,firefighter
1065,Alie,Israeli,Alie.Israeli@yopmail.com,Alie.Israeli@gmail.com,doctor
1066,Aurore,Jammal,Aurore.Jammal@yopmail.com,Aurore.Jammal@gmail.com,doctor
1067,Elie,Rudolph,Elie.Rudolph@yopmail.com,Elie.Rudolph@gmail.com,police officer
1068,Gabriellia,Elbertina,Gabriellia.Elbertina@yopmail.com,Gabriellia.Elbertina@gmail.com,worker
1069,Delilah,Corilla,Delilah.Corilla@yopmail.com,Delilah.Corilla@gmail.com,firefighter
1070,Adore,Jobi,Adore.Jobi@yopmail.com,Adore.Jobi@gmail.com,firefighter
1071,Jerry,Manolo,Jerry.Manolo@yopmail.com,Jerry.Manolo@gmail.com,police officer
1072,Elsie,Moina,Elsie.Moina@yopmail.com,Elsie.Moina@gmail.com,developer
1073,Florencia,Zola,Florencia.Zola@yopmail.com,Florencia.Zola@gmail.com,developer
1074,Olwen,Naor,Olwen.Naor@yopmail.com,Olwen.Naor@gmail.com,police officer
1075,Corly,Eachern,Corly.Eachern@yopmail.com,Corly.Eachern@gmail.com,firefighter
1076,Taffy,Lorenz,Taffy.Lorenz@yopmail.com,Taffy.Lorenz@gmail.com,police officer
1077,Cassandra,Maribeth,Cassandra.Maribeth@yopmail.com,Cassandra.Maribeth@gmail.com,doctor
1078,Alia,Bearnard,Alia.Bearnard@yopmail.com,Alia.Bearnard@gmail.com,developer
1079,Chickie,Bergman,Chickie.Bergman@yopmail.com,Chickie.Bergman@gmail.com,firefighter
1080,Carolina,Tiffa,Carolina.Tiffa@yopmail.com,Carolina.Tiffa@gmail.com,doctor
1081,Celene,Ball,Celene.Ball@yopmail.com,Celene.Ball@gmail.com,developer
1082,Perry,Leopold,Perry.Leopold@yopmail.com,Perry.Leopold@gmail.com,doctor
1083,Rori,Abernon,Rori.Abernon@yopmail.com,Rori.Abernon@gmail.com,worker
1084,Clarice,Lanita,Clarice.Lanita@yopmail.com,Clarice.Lanita@gmail.com,firefighter
1085,Jsandye,Atcliffe,Jsandye.Atcliffe@yopmail.com,Jsandye.Atcliffe@gmail.com,worker
1086,Lily,Kenney,Lily.Kenney@yopmail.com,Lily.Kenney@gmail.com,developer
1087,Nannie,Stuart,Nannie.Stuart@yopmail.com,Nannie.Stuart@gmail.com,worker
1088,Almeta,Love,Almeta.Love@yopmail.com,Almeta.Love@gmail.com,police officer
1089,Leona,Mehalek,Leona.Mehalek@yopmail.com,Leona.Mehalek@gmail.com,doctor
1090,Paola,Zola,Paola.Zola@yopmail.com,Paola.Zola@gmail.com,doctor
1091,Florencia,Minetta,Florencia.Minetta@yopmail.com,Florencia.Minetta@gmail.com,developer
1092,Alex,Karylin,Alex.Karylin@yopmail.com,Alex.Karylin@gmail.com,developer
1093,Lila,Kirbee,Lila.Kirbee@yopmail.com,Lila.Kirbee@gmail.com,firefighter
1094,Claudina,Anis,Claudina.Anis@yopmail.com,Claudina.Anis@gmail.com,doctor
1095,Carree,Federica,Carree.Federica@yopmail.com,Carree.Federica@gmail.com,worker
1096,Josephine,Cohdwell,Josephine.Cohdwell@yopmail.com,Josephine.Cohdwell@gmail.com,worker
1097,Jan,Goerke,Jan.Goerke@yopmail.com,Jan.Goerke@gmail.com,worker
1098,Sadie,Emerson,Sadie.Emerson@yopmail.com,Sadie.Emerson@gmail.com,firefighter
1099,Ebonee,Gualtiero,Ebonee.Gualtiero@yopmail.com,Ebonee.Gualtiero@gmail.com,firefighter
